pair_id,race,age,gender,image_A_index,image_B_index,image_A_age,image_A_gender,image_B_age,image_B_gender,baseline_distance,baseline_is_false_accept,distance_threshold
East_Asian_000000,East_Asian,0-2,Male,6277,399,0-2,Male,0-2,Male,0.8816535,True,1.0
East_Asian_000001,East_Asian,0-2,Male,6277,233,0-2,Male,0-2,Male,0.75424767,True,1.0
East_Asian_000002,East_Asian,0-2,Male,6277,7562,0-2,Male,0-2,Male,1.0445495,False,1.0
East_Asian_000003,East_Asian,0-2,Male,6277,2271,0-2,Male,0-2,Male,0.70869416,True,1.0
East_Asian_000004,East_Asian,0-2,Male,399,233,0-2,Male,0-2,Male,0.60981965,True,1.0
East_Asian_000005,East_Asian,0-2,Male,399,7562,0-2,Male,0-2,Male,0.7700919,True,1.0
East_Asian_000006,East_Asian,0-2,Male,399,2271,0-2,Male,0-2,Male,0.66403866,True,1.0
East_Asian_000007,East_Asian,0-2,Male,233,7562,0-2,Male,0-2,Male,0.8871743,True,1.0
East_Asian_000008,East_Asian,0-2,Male,233,2271,0-2,Male,0-2,Male,0.8248079,True,1.0
East_Asian_000009,East_Asian,0-2,Male,7562,2271,0-2,Male,0-2,Male,0.70480096,True,1.0
East_Asian_000010,East_Asian,0-2,Female,4529,10773,0-2,Female,0-2,Female,0.5001205,True,1.0
East_Asian_000011,East_Asian,0-2,Female,4529,3430,0-2,Female,0-2,Female,0.5052282,True,1.0
East_Asian_000012,East_Asian,0-2,Female,4529,6551,0-2,Female,0-2,Female,0.5446007,True,1.0
East_Asian_000013,East_Asian,0-2,Female,4529,896,0-2,Female,0-2,Female,0.5696782,True,1.0
East_Asian_000014,East_Asian,0-2,Female,10773,3430,0-2,Female,0-2,Female,0.78426194,True,1.0
East_Asian_000015,East_Asian,0-2,Female,10773,6551,0-2,Female,0-2,Female,0.6561773,True,1.0
East_Asian_000016,East_Asian,0-2,Female,10773,896,0-2,Female,0-2,Female,0.5552239,True,1.0
East_Asian_000017,East_Asian,0-2,Female,3430,6551,0-2,Female,0-2,Female,0.5914961,True,1.0
East_Asian_000018,East_Asian,0-2,Female,3430,896,0-2,Female,0-2,Female,0.71752435,True,1.0
East_Asian_000019,East_Asian,0-2,Female,6551,896,0-2,Female,0-2,Female,0.74554676,True,1.0
East_Asian_000020,East_Asian,3-9,Male,1566,8431,3-9,Male,3-9,Male,1.4874861,False,1.0
East_Asian_000021,East_Asian,3-9,Male,1566,398,3-9,Male,3-9,Male,1.1059153,False,1.0
East_Asian_000022,East_Asian,3-9,Male,1566,313,3-9,Male,3-9,Male,0.85773027,True,1.0
East_Asian_000023,East_Asian,3-9,Male,1566,1644,3-9,Male,3-9,Male,1.083243,False,1.0
East_Asian_000024,East_Asian,3-9,Male,8431,398,3-9,Male,3-9,Male,1.2902639,False,1.0
East_Asian_000025,East_Asian,3-9,Male,8431,313,3-9,Male,3-9,Male,1.3489076,False,1.0
East_Asian_000026,East_Asian,3-9,Male,8431,1644,3-9,Male,3-9,Male,1.8558,False,1.0
East_Asian_000027,East_Asian,3-9,Male,398,313,3-9,Male,3-9,Male,0.62490904,True,1.0
East_Asian_000028,East_Asian,3-9,Male,398,1644,3-9,Male,3-9,Male,1.4054868,False,1.0
East_Asian_000029,East_Asian,3-9,Male,313,1644,3-9,Male,3-9,Male,1.1799057,False,1.0
East_Asian_000030,East_Asian,3-9,Female,3475,3683,3-9,Female,3-9,Female,0.92166317,True,1.0
East_Asian_000031,East_Asian,3-9,Female,3475,9279,3-9,Female,3-9,Female,0.9233246,True,1.0
East_Asian_000032,East_Asian,3-9,Female,3475,10177,3-9,Female,3-9,Female,1.4945619,False,1.0
East_Asian_000033,East_Asian,3-9,Female,3475,571,3-9,Female,3-9,Female,0.9180428,True,1.0
East_Asian_000034,East_Asian,3-9,Female,3683,9279,3-9,Female,3-9,Female,0.8284267,True,1.0
East_Asian_000035,East_Asian,3-9,Female,3683,10177,3-9,Female,3-9,Female,0.83983487,True,1.0
East_Asian_000036,East_Asian,3-9,Female,3683,571,3-9,Female,3-9,Female,0.8571663,True,1.0
East_Asian_000037,East_Asian,3-9,Female,9279,10177,3-9,Female,3-9,Female,1.1318233,False,1.0
East_Asian_000038,East_Asian,3-9,Female,9279,571,3-9,Female,3-9,Female,1.3831854,False,1.0
East_Asian_000039,East_Asian,3-9,Female,10177,571,3-9,Female,3-9,Female,0.97684824,True,1.0
East_Asian_000040,East_Asian,10-19,Male,3410,7577,10-19,Male,10-19,Male,0.6415331,True,1.0
East_Asian_000041,East_Asian,10-19,Male,3410,3845,10-19,Male,10-19,Male,1.1943251,False,1.0
East_Asian_000042,East_Asian,10-19,Male,3410,8205,10-19,Male,10-19,Male,0.73314893,True,1.0
East_Asian_000043,East_Asian,10-19,Male,3410,4449,10-19,Male,10-19,Male,0.9676611,True,1.0
East_Asian_000044,East_Asian,10-19,Male,7577,3845,10-19,Male,10-19,Male,1.619451,False,1.0
East_Asian_000045,East_Asian,10-19,Male,7577,8205,10-19,Male,10-19,Male,0.8636357,True,1.0
East_Asian_000046,East_Asian,10-19,Male,7577,4449,10-19,Male,10-19,Male,1.31281,False,1.0
East_Asian_000047,East_Asian,10-19,Male,3845,8205,10-19,Male,10-19,Male,1.0936514,False,1.0
East_Asian_000048,East_Asian,10-19,Male,3845,4449,10-19,Male,10-19,Male,0.8771379,True,1.0
East_Asian_000049,East_Asian,10-19,Male,8205,4449,10-19,Male,10-19,Male,0.8164788,True,1.0
East_Asian_000050,East_Asian,10-19,Female,23,2209,10-19,Female,10-19,Female,1.2123396,False,1.0
East_Asian_000051,East_Asian,10-19,Female,23,7653,10-19,Female,10-19,Female,0.93146765,True,1.0
East_Asian_000052,East_Asian,10-19,Female,23,6188,10-19,Female,10-19,Female,1.3587666,False,1.0
East_Asian_000053,East_Asian,10-19,Female,23,4814,10-19,Female,10-19,Female,1.2598051,False,1.0
East_Asian_000054,East_Asian,10-19,Female,2209,7653,10-19,Female,10-19,Female,1.6699642,False,1.0
East_Asian_000055,East_Asian,10-19,Female,2209,6188,10-19,Female,10-19,Female,1.2132237,False,1.0
East_Asian_000056,East_Asian,10-19,Female,2209,4814,10-19,Female,10-19,Female,0.7810914,True,1.0
East_Asian_000057,East_Asian,10-19,Female,7653,6188,10-19,Female,10-19,Female,1.4303982,False,1.0
East_Asian_000058,East_Asian,10-19,Female,7653,4814,10-19,Female,10-19,Female,1.874407,False,1.0
East_Asian_000059,East_Asian,10-19,Female,6188,4814,10-19,Female,10-19,Female,1.5970178,False,1.0
East_Asian_000060,East_Asian,20-29,Male,3146,4147,20-29,Male,20-29,Male,1.2925496,False,1.0
East_Asian_000061,East_Asian,20-29,Male,3146,7046,20-29,Male,20-29,Male,1.1368165,False,1.0
East_Asian_000062,East_Asian,20-29,Male,3146,2109,20-29,Male,20-29,Male,1.7575376,False,1.0
East_Asian_000063,East_Asian,20-29,Male,3146,1926,20-29,Male,20-29,Male,0.6703274,True,1.0
East_Asian_000064,East_Asian,20-29,Male,4147,7046,20-29,Male,20-29,Male,0.99184716,True,1.0
East_Asian_000065,East_Asian,20-29,Male,4147,2109,20-29,Male,20-29,Male,1.761672,False,1.0
East_Asian_000066,East_Asian,20-29,Male,4147,1926,20-29,Male,20-29,Male,1.1593597,False,1.0
East_Asian_000067,East_Asian,20-29,Male,7046,2109,20-29,Male,20-29,Male,1.7742391,False,1.0
East_Asian_000068,East_Asian,20-29,Male,7046,1926,20-29,Male,20-29,Male,1.3014007,False,1.0
East_Asian_000069,East_Asian,20-29,Male,2109,1926,20-29,Male,20-29,Male,1.6426492,False,1.0
East_Asian_000070,East_Asian,20-29,Female,5855,1653,20-29,Female,20-29,Female,1.4929869,False,1.0
East_Asian_000071,East_Asian,20-29,Female,5855,5538,20-29,Female,20-29,Female,1.1113387,False,1.0
East_Asian_000072,East_Asian,20-29,Female,5855,5244,20-29,Female,20-29,Female,1.17368,False,1.0
East_Asian_000073,East_Asian,20-29,Female,5855,8689,20-29,Female,20-29,Female,1.382177,False,1.0
East_Asian_000074,East_Asian,20-29,Female,1653,5538,20-29,Female,20-29,Female,1.1069261,False,1.0
East_Asian_000075,East_Asian,20-29,Female,1653,5244,20-29,Female,20-29,Female,1.2094029,False,1.0
East_Asian_000076,East_Asian,20-29,Female,1653,8689,20-29,Female,20-29,Female,1.6466856,False,1.0
East_Asian_000077,East_Asian,20-29,Female,5538,5244,20-29,Female,20-29,Female,1.0338572,False,1.0
East_Asian_000078,East_Asian,20-29,Female,5538,8689,20-29,Female,20-29,Female,1.1388112,False,1.0
East_Asian_000079,East_Asian,20-29,Female,5244,8689,20-29,Female,20-29,Female,1.2564912,False,1.0
East_Asian_000080,East_Asian,30-39,Male,4742,1011,30-39,Male,30-39,Male,1.1154677,False,1.0
East_Asian_000081,East_Asian,30-39,Male,4742,9132,30-39,Male,30-39,Male,1.1875952,False,1.0
East_Asian_000082,East_Asian,30-39,Male,4742,1986,30-39,Male,30-39,Male,1.2570648,False,1.0
East_Asian_000083,East_Asian,30-39,Male,4742,7114,30-39,Male,30-39,Male,2.2613876,False,1.0
East_Asian_000084,East_Asian,30-39,Male,1011,9132,30-39,Male,30-39,Male,0.80595154,True,1.0
East_Asian_000085,East_Asian,30-39,Male,1011,1986,30-39,Male,30-39,Male,0.90028363,True,1.0
East_Asian_000086,East_Asian,30-39,Male,1011,7114,30-39,Male,30-39,Male,1.7239486,False,1.0
East_Asian_000087,East_Asian,30-39,Male,9132,1986,30-39,Male,30-39,Male,0.6193428,True,1.0
East_Asian_000088,East_Asian,30-39,Male,9132,7114,30-39,Male,30-39,Male,1.8680797,False,1.0
East_Asian_000089,East_Asian,30-39,Male,1986,7114,30-39,Male,30-39,Male,1.9883175,False,1.0
East_Asian_000090,East_Asian,30-39,Female,1139,6464,30-39,Female,30-39,Female,1.4870398,False,1.0
East_Asian_000091,East_Asian,30-39,Female,1139,3405,30-39,Female,30-39,Female,1.1412851,False,1.0
East_Asian_000092,East_Asian,30-39,Female,1139,9621,30-39,Female,30-39,Female,1.2562723,False,1.0
East_Asian_000093,East_Asian,30-39,Female,1139,7160,30-39,Female,30-39,Female,0.9904078,True,1.0
East_Asian_000094,East_Asian,30-39,Female,6464,3405,30-39,Female,30-39,Female,1.4405246,False,1.0
East_Asian_000095,East_Asian,30-39,Female,6464,9621,30-39,Female,30-39,Female,1.720786,False,1.0
East_Asian_000096,East_Asian,30-39,Female,6464,7160,30-39,Female,30-39,Female,2.1007652,False,1.0
East_Asian_000097,East_Asian,30-39,Female,3405,9621,30-39,Female,30-39,Female,1.5178802,False,1.0
East_Asian_000098,East_Asian,30-39,Female,3405,7160,30-39,Female,30-39,Female,1.4877524,False,1.0
East_Asian_000099,East_Asian,30-39,Female,9621,7160,30-39,Female,30-39,Female,0.75575024,True,1.0
East_Asian_000100,East_Asian,40-49,Male,10756,7035,40-49,Male,40-49,Male,1.1356571,False,1.0
East_Asian_000101,East_Asian,40-49,Male,10756,9794,40-49,Male,40-49,Male,1.3664653,False,1.0
East_Asian_000102,East_Asian,40-49,Male,10756,4034,40-49,Male,40-49,Male,1.4926772,False,1.0
East_Asian_000103,East_Asian,40-49,Male,10756,1221,40-49,Male,40-49,Male,0.9520464,True,1.0
East_Asian_000104,East_Asian,40-49,Male,7035,9794,40-49,Male,40-49,Male,1.5622177,False,1.0
East_Asian_000105,East_Asian,40-49,Male,7035,4034,40-49,Male,40-49,Male,1.4585336,False,1.0
East_Asian_000106,East_Asian,40-49,Male,7035,1221,40-49,Male,40-49,Male,0.95261097,True,1.0
East_Asian_000107,East_Asian,40-49,Male,9794,4034,40-49,Male,40-49,Male,1.5533452,False,1.0
East_Asian_000108,East_Asian,40-49,Male,9794,1221,40-49,Male,40-49,Male,1.4932262,False,1.0
East_Asian_000109,East_Asian,40-49,Male,4034,1221,40-49,Male,40-49,Male,1.4935981,False,1.0
East_Asian_000110,East_Asian,40-49,Female,1056,10014,40-49,Female,40-49,Female,0.9208133,True,1.0
East_Asian_000111,East_Asian,40-49,Female,1056,2383,40-49,Female,40-49,Female,0.6420301,True,1.0
East_Asian_000112,East_Asian,40-49,Female,1056,3376,40-49,Female,40-49,Female,0.5569694,True,1.0
East_Asian_000113,East_Asian,40-49,Female,1056,1491,40-49,Female,40-49,Female,1.2455959,False,1.0
East_Asian_000114,East_Asian,40-49,Female,10014,2383,40-49,Female,40-49,Female,0.8919836,True,1.0
East_Asian_000115,East_Asian,40-49,Female,10014,3376,40-49,Female,40-49,Female,1.0193601,False,1.0
East_Asian_000116,East_Asian,40-49,Female,10014,1491,40-49,Female,40-49,Female,1.4817164,False,1.0
East_Asian_000117,East_Asian,40-49,Female,2383,3376,40-49,Female,40-49,Female,1.044339,False,1.0
East_Asian_000118,East_Asian,40-49,Female,2383,1491,40-49,Female,40-49,Female,0.9525262,True,1.0
East_Asian_000119,East_Asian,40-49,Female,3376,1491,40-49,Female,40-49,Female,1.6358701,False,1.0
East_Asian_000120,East_Asian,50-59,Male,3296,1263,50-59,Male,50-59,Male,1.4078417,False,1.0
East_Asian_000121,East_Asian,50-59,Male,3296,6372,50-59,Male,50-59,Male,1.5464569,False,1.0
East_Asian_000122,East_Asian,50-59,Male,3296,4641,50-59,Male,50-59,Male,1.6738695,False,1.0
East_Asian_000123,East_Asian,50-59,Male,3296,7049,50-59,Male,50-59,Male,0.7253448,True,1.0
East_Asian_000124,East_Asian,50-59,Male,1263,6372,50-59,Male,50-59,Male,1.3734103,False,1.0
East_Asian_000125,East_Asian,50-59,Male,1263,4641,50-59,Male,50-59,Male,0.815439,True,1.0
East_Asian_000126,East_Asian,50-59,Male,1263,7049,50-59,Male,50-59,Male,1.100356,False,1.0
East_Asian_000127,East_Asian,50-59,Male,6372,4641,50-59,Male,50-59,Male,1.4746095,False,1.0
East_Asian_000128,East_Asian,50-59,Male,6372,7049,50-59,Male,50-59,Male,1.5712955,False,1.0
East_Asian_000129,East_Asian,50-59,Male,4641,7049,50-59,Male,50-59,Male,1.2758218,False,1.0
East_Asian_000130,East_Asian,50-59,Female,10921,6073,50-59,Female,50-59,Female,0.84949195,True,1.0
East_Asian_000131,East_Asian,50-59,Female,10921,2596,50-59,Female,50-59,Female,1.0412633,False,1.0
East_Asian_000132,East_Asian,50-59,Female,10921,10677,50-59,Female,50-59,Female,1.0746365,False,1.0
East_Asian_000133,East_Asian,50-59,Female,10921,9651,50-59,Female,50-59,Female,1.3110013,False,1.0
East_Asian_000134,East_Asian,50-59,Female,6073,2596,50-59,Female,50-59,Female,1.0669253,False,1.0
East_Asian_000135,East_Asian,50-59,Female,6073,10677,50-59,Female,50-59,Female,1.0764697,False,1.0
East_Asian_000136,East_Asian,50-59,Female,6073,9651,50-59,Female,50-59,Female,0.9682092,True,1.0
East_Asian_000137,East_Asian,50-59,Female,2596,10677,50-59,Female,50-59,Female,1.0453843,False,1.0
East_Asian_000138,East_Asian,50-59,Female,2596,9651,50-59,Female,50-59,Female,0.7951591,True,1.0
East_Asian_000139,East_Asian,50-59,Female,10677,9651,50-59,Female,50-59,Female,1.0813954,False,1.0
East_Asian_000140,East_Asian,60-69,Male,4708,4971,60-69,Male,60-69,Male,1.1697342,False,1.0
East_Asian_000141,East_Asian,60-69,Male,4708,1601,60-69,Male,60-69,Male,0.9470875,True,1.0
East_Asian_000142,East_Asian,60-69,Male,4708,5461,60-69,Male,60-69,Male,1.0468869,False,1.0
East_Asian_000143,East_Asian,60-69,Male,4708,5476,60-69,Male,60-69,Male,0.9241002,True,1.0
East_Asian_000144,East_Asian,60-69,Male,4971,1601,60-69,Male,60-69,Male,1.1671935,False,1.0
East_Asian_000145,East_Asian,60-69,Male,4971,5461,60-69,Male,60-69,Male,0.46967942,True,1.0
East_Asian_000146,East_Asian,60-69,Male,4971,5476,60-69,Male,60-69,Male,1.1274927,False,1.0
East_Asian_000147,East_Asian,60-69,Male,1601,5461,60-69,Male,60-69,Male,1.027929,False,1.0
East_Asian_000148,East_Asian,60-69,Male,1601,5476,60-69,Male,60-69,Male,0.6922991,True,1.0
East_Asian_000149,East_Asian,60-69,Male,5461,5476,60-69,Male,60-69,Male,1.1596498,False,1.0
East_Asian_000150,East_Asian,60-69,Female,2475,6456,60-69,Female,60-69,Female,0.9967556,True,1.0
East_Asian_000151,East_Asian,60-69,Female,2475,3105,60-69,Female,60-69,Female,0.7093008,True,1.0
East_Asian_000152,East_Asian,60-69,Female,2475,9791,60-69,Female,60-69,Female,0.707515,True,1.0
East_Asian_000153,East_Asian,60-69,Female,2475,6271,60-69,Female,60-69,Female,0.8701831,True,1.0
East_Asian_000154,East_Asian,60-69,Female,6456,3105,60-69,Female,60-69,Female,0.96015877,True,1.0
East_Asian_000155,East_Asian,60-69,Female,6456,9791,60-69,Female,60-69,Female,1.1237286,False,1.0
East_Asian_000156,East_Asian,60-69,Female,6456,6271,60-69,Female,60-69,Female,0.9286374,True,1.0
East_Asian_000157,East_Asian,60-69,Female,3105,9791,60-69,Female,60-69,Female,0.8275037,True,1.0
East_Asian_000158,East_Asian,60-69,Female,3105,6271,60-69,Female,60-69,Female,0.7843695,True,1.0
East_Asian_000159,East_Asian,60-69,Female,9791,6271,60-69,Female,60-69,Female,0.67601466,True,1.0
East_Asian_000160,East_Asian,70+,Male,1749,617,70+,Male,70+,Male,1.1349249,False,1.0
East_Asian_000161,East_Asian,70+,Male,1749,7808,70+,Male,70+,Male,1.3098133,False,1.0
East_Asian_000162,East_Asian,70+,Male,1749,298,70+,Male,70+,Male,0.9622382,True,1.0
East_Asian_000163,East_Asian,70+,Male,1749,9191,70+,Male,70+,Male,1.5178242,False,1.0
East_Asian_000164,East_Asian,70+,Male,617,7808,70+,Male,70+,Male,0.5892998,True,1.0
East_Asian_000165,East_Asian,70+,Male,617,298,70+,Male,70+,Male,0.7434064,True,1.0
East_Asian_000166,East_Asian,70+,Male,617,9191,70+,Male,70+,Male,0.9808545,True,1.0
East_Asian_000167,East_Asian,70+,Male,7808,298,70+,Male,70+,Male,0.9539276,True,1.0
East_Asian_000168,East_Asian,70+,Male,7808,9191,70+,Male,70+,Male,0.5373969,True,1.0
East_Asian_000169,East_Asian,70+,Male,298,9191,70+,Male,70+,Male,1.2709935,False,1.0
East_Asian_000170,East_Asian,70+,Female,3603,10,70+,Female,70+,Female,0.39901462,True,1.0
East_Asian_000171,East_Asian,70+,Female,3603,1146,70+,Female,70+,Female,1.2237267,False,1.0
East_Asian_000172,East_Asian,70+,Female,3603,6508,70+,Female,70+,Female,0.5313803,True,1.0
East_Asian_000173,East_Asian,70+,Female,3603,5337,70+,Female,70+,Female,0.9019772,True,1.0
East_Asian_000174,East_Asian,70+,Female,10,1146,70+,Female,70+,Female,1.3216581,False,1.0
East_Asian_000175,East_Asian,70+,Female,10,6508,70+,Female,70+,Female,0.57764685,True,1.0
East_Asian_000176,East_Asian,70+,Female,10,5337,70+,Female,70+,Female,0.7479092,True,1.0
East_Asian_000177,East_Asian,70+,Female,1146,6508,70+,Female,70+,Female,1.0427712,False,1.0
East_Asian_000178,East_Asian,70+,Female,1146,5337,70+,Female,70+,Female,1.049623,False,1.0
East_Asian_000179,East_Asian,70+,Female,6508,5337,70+,Female,70+,Female,0.65374434,True,1.0
Indian_000000,Indian,0-2,Male,8882,4897,0-2,Male,0-2,Male,0.47568467,True,1.0
Indian_000001,Indian,0-2,Male,8882,484,0-2,Male,0-2,Male,0.7570445,True,1.0
Indian_000002,Indian,0-2,Male,8882,2146,0-2,Male,0-2,Male,0.7215488,True,1.0
Indian_000003,Indian,0-2,Male,8882,9077,0-2,Male,0-2,Male,0.9386797,True,1.0
Indian_000004,Indian,0-2,Male,4897,484,0-2,Male,0-2,Male,0.57306665,True,1.0
Indian_000005,Indian,0-2,Male,4897,2146,0-2,Male,0-2,Male,0.79562294,True,1.0
Indian_000006,Indian,0-2,Male,4897,9077,0-2,Male,0-2,Male,0.61898464,True,1.0
Indian_000007,Indian,0-2,Male,484,2146,0-2,Male,0-2,Male,0.6853492,True,1.0
Indian_000008,Indian,0-2,Male,484,9077,0-2,Male,0-2,Male,0.35446864,True,1.0
Indian_000009,Indian,0-2,Male,2146,9077,0-2,Male,0-2,Male,0.4989487,True,1.0
Indian_000010,Indian,0-2,Female,7479,5328,0-2,Female,0-2,Female,0.43723923,True,1.0
Indian_000011,Indian,0-2,Female,7479,9270,0-2,Female,0-2,Female,0.7343438,True,1.0
Indian_000012,Indian,0-2,Female,7479,9074,0-2,Female,0-2,Female,0.72661644,True,1.0
Indian_000013,Indian,0-2,Female,7479,8290,0-2,Female,0-2,Female,0.58116555,True,1.0
Indian_000014,Indian,0-2,Female,5328,9270,0-2,Female,0-2,Female,0.5526149,True,1.0
Indian_000015,Indian,0-2,Female,5328,9074,0-2,Female,0-2,Female,0.6619017,True,1.0
Indian_000016,Indian,0-2,Female,5328,8290,0-2,Female,0-2,Female,0.828151,True,1.0
Indian_000017,Indian,0-2,Female,9270,9074,0-2,Female,0-2,Female,0.5195763,True,1.0
Indian_000018,Indian,0-2,Female,9270,8290,0-2,Female,0-2,Female,0.9957335,True,1.0
Indian_000019,Indian,0-2,Female,9074,8290,0-2,Female,0-2,Female,0.9954753,True,1.0
Indian_000020,Indian,3-9,Male,9204,6916,3-9,Male,3-9,Male,1.1224265,False,1.0
Indian_000021,Indian,3-9,Male,9204,2201,3-9,Male,3-9,Male,0.81029576,True,1.0
Indian_000022,Indian,3-9,Male,9204,4078,3-9,Male,3-9,Male,0.6631141,True,1.0
Indian_000023,Indian,3-9,Male,9204,2029,3-9,Male,3-9,Male,1.1571813,False,1.0
Indian_000024,Indian,3-9,Male,6916,2201,3-9,Male,3-9,Male,1.2263942,False,1.0
Indian_000025,Indian,3-9,Male,6916,4078,3-9,Male,3-9,Male,1.4349998,False,1.0
Indian_000026,Indian,3-9,Male,6916,2029,3-9,Male,3-9,Male,1.6097941,False,1.0
Indian_000027,Indian,3-9,Male,2201,4078,3-9,Male,3-9,Male,1.2526782,False,1.0
Indian_000028,Indian,3-9,Male,2201,2029,3-9,Male,3-9,Male,0.96261203,True,1.0
Indian_000029,Indian,3-9,Male,4078,2029,3-9,Male,3-9,Male,1.3497732,False,1.0
Indian_000030,Indian,3-9,Female,4216,8816,3-9,Female,3-9,Female,1.09002,False,1.0
Indian_000031,Indian,3-9,Female,4216,8730,3-9,Female,3-9,Female,1.1520082,False,1.0
Indian_000032,Indian,3-9,Female,4216,4361,3-9,Female,3-9,Female,1.462173,False,1.0
Indian_000033,Indian,3-9,Female,4216,9202,3-9,Female,3-9,Female,1.0178185,False,1.0
Indian_000034,Indian,3-9,Female,8816,8730,3-9,Female,3-9,Female,0.9845852,True,1.0
Indian_000035,Indian,3-9,Female,8816,4361,3-9,Female,3-9,Female,1.2417307,False,1.0
Indian_000036,Indian,3-9,Female,8816,9202,3-9,Female,3-9,Female,1.2021087,False,1.0
Indian_000037,Indian,3-9,Female,8730,4361,3-9,Female,3-9,Female,0.9489427,True,1.0
Indian_000038,Indian,3-9,Female,8730,9202,3-9,Female,3-9,Female,1.1286573,False,1.0
Indian_000039,Indian,3-9,Female,4361,9202,3-9,Female,3-9,Female,1.6943266,False,1.0
Indian_000040,Indian,10-19,Male,7640,10222,10-19,Male,10-19,Male,1.7082795,False,1.0
Indian_000041,Indian,10-19,Male,7640,7413,10-19,Male,10-19,Male,1.9454334,False,1.0
Indian_000042,Indian,10-19,Male,7640,7162,10-19,Male,10-19,Male,1.792742,False,1.0
Indian_000043,Indian,10-19,Male,7640,4343,10-19,Male,10-19,Male,0.99725723,True,1.0
Indian_000044,Indian,10-19,Male,10222,7413,10-19,Male,10-19,Male,0.99432164,True,1.0
Indian_000045,Indian,10-19,Male,10222,7162,10-19,Male,10-19,Male,1.4461529,False,1.0
Indian_000046,Indian,10-19,Male,10222,4343,10-19,Male,10-19,Male,1.3372048,False,1.0
Indian_000047,Indian,10-19,Male,7413,7162,10-19,Male,10-19,Male,1.5783851,False,1.0
Indian_000048,Indian,10-19,Male,7413,4343,10-19,Male,10-19,Male,1.6992613,False,1.0
Indian_000049,Indian,10-19,Male,7162,4343,10-19,Male,10-19,Male,1.7977982,False,1.0
Indian_000050,Indian,10-19,Female,2644,6368,10-19,Female,10-19,Female,1.0980946,False,1.0
Indian_000051,Indian,10-19,Female,2644,6220,10-19,Female,10-19,Female,1.1537066,False,1.0
Indian_000052,Indian,10-19,Female,2644,2151,10-19,Female,10-19,Female,0.7431688,True,1.0
Indian_000053,Indian,10-19,Female,2644,9318,10-19,Female,10-19,Female,1.5460056,False,1.0
Indian_000054,Indian,10-19,Female,6368,6220,10-19,Female,10-19,Female,1.2810357,False,1.0
Indian_000055,Indian,10-19,Female,6368,2151,10-19,Female,10-19,Female,1.4201835,False,1.0
Indian_000056,Indian,10-19,Female,6368,9318,10-19,Female,10-19,Female,1.4970071,False,1.0
Indian_000057,Indian,10-19,Female,6220,2151,10-19,Female,10-19,Female,1.432112,False,1.0
Indian_000058,Indian,10-19,Female,6220,9318,10-19,Female,10-19,Female,0.8946899,True,1.0
Indian_000059,Indian,10-19,Female,2151,9318,10-19,Female,10-19,Female,1.5077338,False,1.0
Indian_000060,Indian,20-29,Male,765,1298,20-29,Male,20-29,Male,1.3379824,False,1.0
Indian_000061,Indian,20-29,Male,765,1869,20-29,Male,20-29,Male,1.1774875,False,1.0
Indian_000062,Indian,20-29,Male,765,10558,20-29,Male,20-29,Male,1.1360639,False,1.0
Indian_000063,Indian,20-29,Male,765,1887,20-29,Male,20-29,Male,1.6456698,False,1.0
Indian_000064,Indian,20-29,Male,1298,1869,20-29,Male,20-29,Male,1.7122105,False,1.0
Indian_000065,Indian,20-29,Male,1298,10558,20-29,Male,20-29,Male,1.4108375,False,1.0
Indian_000066,Indian,20-29,Male,1298,1887,20-29,Male,20-29,Male,1.4569242,False,1.0
Indian_000067,Indian,20-29,Male,1869,10558,20-29,Male,20-29,Male,1.1521251,False,1.0
Indian_000068,Indian,20-29,Male,1869,1887,20-29,Male,20-29,Male,1.4847139,False,1.0
Indian_000069,Indian,20-29,Male,10558,1887,20-29,Male,20-29,Male,1.4893427,False,1.0
Indian_000070,Indian,20-29,Female,9969,8693,20-29,Female,20-29,Female,1.3050845,False,1.0
Indian_000071,Indian,20-29,Female,9969,5325,20-29,Female,20-29,Female,1.2118602,False,1.0
Indian_000072,Indian,20-29,Female,9969,7482,20-29,Female,20-29,Female,1.0138285,False,1.0
Indian_000073,Indian,20-29,Female,9969,1091,20-29,Female,20-29,Female,1.5492232,False,1.0
Indian_000074,Indian,20-29,Female,8693,5325,20-29,Female,20-29,Female,1.5379403,False,1.0
Indian_000075,Indian,20-29,Female,8693,7482,20-29,Female,20-29,Female,1.2668663,False,1.0
Indian_000076,Indian,20-29,Female,8693,1091,20-29,Female,20-29,Female,1.8542193,False,1.0
Indian_000077,Indian,20-29,Female,5325,7482,20-29,Female,20-29,Female,1.0732698,False,1.0
Indian_000078,Indian,20-29,Female,5325,1091,20-29,Female,20-29,Female,1.3247736,False,1.0
Indian_000079,Indian,20-29,Female,7482,1091,20-29,Female,20-29,Female,1.4591155,False,1.0
Indian_000080,Indian,30-39,Male,6284,6268,30-39,Male,30-39,Male,1.3283978,False,1.0
Indian_000081,Indian,30-39,Male,6284,9174,30-39,Male,30-39,Male,1.4197772,False,1.0
Indian_000082,Indian,30-39,Male,6284,7342,30-39,Male,30-39,Male,1.7590388,False,1.0
Indian_000083,Indian,30-39,Male,6284,8217,30-39,Male,30-39,Male,1.3110642,False,1.0
Indian_000084,Indian,30-39,Male,6268,9174,30-39,Male,30-39,Male,1.3761458,False,1.0
Indian_000085,Indian,30-39,Male,6268,7342,30-39,Male,30-39,Male,1.3480153,False,1.0
Indian_000086,Indian,30-39,Male,6268,8217,30-39,Male,30-39,Male,1.8524499,False,1.0
Indian_000087,Indian,30-39,Male,9174,7342,30-39,Male,30-39,Male,1.2485662,False,1.0
Indian_000088,Indian,30-39,Male,9174,8217,30-39,Male,30-39,Male,1.8037038,False,1.0
Indian_000089,Indian,30-39,Male,7342,8217,30-39,Male,30-39,Male,1.6019154,False,1.0
Indian_000090,Indian,30-39,Female,5131,10278,30-39,Female,30-39,Female,1.2788031,False,1.0
Indian_000091,Indian,30-39,Female,5131,117,30-39,Female,30-39,Female,1.3234133,False,1.0
Indian_000092,Indian,30-39,Female,5131,2089,30-39,Female,30-39,Female,1.0784929,False,1.0
Indian_000093,Indian,30-39,Female,5131,9964,30-39,Female,30-39,Female,1.1531026,False,1.0
Indian_000094,Indian,30-39,Female,10278,117,30-39,Female,30-39,Female,2.017975,False,1.0
Indian_000095,Indian,30-39,Female,10278,2089,30-39,Female,30-39,Female,1.4086493,False,1.0
Indian_000096,Indian,30-39,Female,10278,9964,30-39,Female,30-39,Female,1.2882283,False,1.0
Indian_000097,Indian,30-39,Female,117,2089,30-39,Female,30-39,Female,1.8098359,False,1.0
Indian_000098,Indian,30-39,Female,117,9964,30-39,Female,30-39,Female,1.5093385,False,1.0
Indian_000099,Indian,30-39,Female,2089,9964,30-39,Female,30-39,Female,0.9793396,True,1.0
Indian_000100,Indian,40-49,Male,9418,3143,40-49,Male,40-49,Male,1.9326737,False,1.0
Indian_000101,Indian,40-49,Male,9418,9940,40-49,Male,40-49,Male,1.6715775,False,1.0
Indian_000102,Indian,40-49,Male,9418,7897,40-49,Male,40-49,Male,1.7479619,False,1.0
Indian_000103,Indian,40-49,Male,9418,3947,40-49,Male,40-49,Male,1.9108772,False,1.0
Indian_000104,Indian,40-49,Male,3143,9940,40-49,Male,40-49,Male,1.3282893,False,1.0
Indian_000105,Indian,40-49,Male,3143,7897,40-49,Male,40-49,Male,1.4943845,False,1.0
Indian_000106,Indian,40-49,Male,3143,3947,40-49,Male,40-49,Male,1.1802667,False,1.0
Indian_000107,Indian,40-49,Male,9940,7897,40-49,Male,40-49,Male,1.2691817,False,1.0
Indian_000108,Indian,40-49,Male,9940,3947,40-49,Male,40-49,Male,1.446462,False,1.0
Indian_000109,Indian,40-49,Male,7897,3947,40-49,Male,40-49,Male,1.6490245,False,1.0
Indian_000110,Indian,40-49,Female,1965,4203,40-49,Female,40-49,Female,0.7532222,True,1.0
Indian_000111,Indian,40-49,Female,1965,6533,40-49,Female,40-49,Female,1.2954277,False,1.0
Indian_000112,Indian,40-49,Female,1965,3015,40-49,Female,40-49,Female,1.5629354,False,1.0
Indian_000113,Indian,40-49,Female,1965,7177,40-49,Female,40-49,Female,1.6741822,False,1.0
Indian_000114,Indian,40-49,Female,4203,6533,40-49,Female,40-49,Female,1.1021175,False,1.0
Indian_000115,Indian,40-49,Female,4203,3015,40-49,Female,40-49,Female,1.1171021,False,1.0
Indian_000116,Indian,40-49,Female,4203,7177,40-49,Female,40-49,Female,1.5390812,False,1.0
Indian_000117,Indian,40-49,Female,6533,3015,40-49,Female,40-49,Female,1.2696772,False,1.0
Indian_000118,Indian,40-49,Female,6533,7177,40-49,Female,40-49,Female,1.0041149,False,1.0
Indian_000119,Indian,40-49,Female,3015,7177,40-49,Female,40-49,Female,0.97584563,True,1.0
Indian_000120,Indian,50-59,Male,210,5959,50-59,Male,50-59,Male,0.83511055,True,1.0
Indian_000121,Indian,50-59,Male,210,10096,50-59,Male,50-59,Male,1.7164536,False,1.0
Indian_000122,Indian,50-59,Male,210,3459,50-59,Male,50-59,Male,1.5835677,False,1.0
Indian_000123,Indian,50-59,Male,210,2025,50-59,Male,50-59,Male,1.3885655,False,1.0
Indian_000124,Indian,50-59,Male,5959,10096,50-59,Male,50-59,Male,1.4963607,False,1.0
Indian_000125,Indian,50-59,Male,5959,3459,50-59,Male,50-59,Male,1.7145033,False,1.0
Indian_000126,Indian,50-59,Male,5959,2025,50-59,Male,50-59,Male,1.0853238,False,1.0
Indian_000127,Indian,50-59,Male,10096,3459,50-59,Male,50-59,Male,2.1052732,False,1.0
Indian_000128,Indian,50-59,Male,10096,2025,50-59,Male,50-59,Male,1.1758628,False,1.0
Indian_000129,Indian,50-59,Male,3459,2025,50-59,Male,50-59,Male,1.4500597,False,1.0
Indian_000130,Indian,50-59,Female,10098,7463,50-59,Female,50-59,Female,1.4225132,False,1.0
Indian_000131,Indian,50-59,Female,10098,4389,50-59,Female,50-59,Female,1.220049,False,1.0
Indian_000132,Indian,50-59,Female,10098,9680,50-59,Female,50-59,Female,0.73029035,True,1.0
Indian_000133,Indian,50-59,Female,10098,6080,50-59,Female,50-59,Female,0.8526286,True,1.0
Indian_000134,Indian,50-59,Female,7463,4389,50-59,Female,50-59,Female,0.94472134,True,1.0
Indian_000135,Indian,50-59,Female,7463,9680,50-59,Female,50-59,Female,1.481826,False,1.0
Indian_000136,Indian,50-59,Female,7463,6080,50-59,Female,50-59,Female,1.4875534,False,1.0
Indian_000137,Indian,50-59,Female,4389,9680,50-59,Female,50-59,Female,1.2225828,False,1.0
Indian_000138,Indian,50-59,Female,4389,6080,50-59,Female,50-59,Female,1.0938483,False,1.0
Indian_000139,Indian,50-59,Female,9680,6080,50-59,Female,50-59,Female,1.0292864,False,1.0
Indian_000140,Indian,60-69,Male,9714,3857,60-69,Male,60-69,Male,2.1229434,False,1.0
Indian_000141,Indian,60-69,Male,9714,3569,60-69,Male,60-69,Male,1.5314643,False,1.0
Indian_000142,Indian,60-69,Male,9714,6199,60-69,Male,60-69,Male,0.639599,True,1.0
Indian_000143,Indian,60-69,Male,9714,3630,60-69,Male,60-69,Male,1.6249084,False,1.0
Indian_000144,Indian,60-69,Male,3857,3569,60-69,Male,60-69,Male,1.048366,False,1.0
Indian_000145,Indian,60-69,Male,3857,6199,60-69,Male,60-69,Male,1.866374,False,1.0
Indian_000146,Indian,60-69,Male,3857,3630,60-69,Male,60-69,Male,1.2954624,False,1.0
Indian_000147,Indian,60-69,Male,3569,6199,60-69,Male,60-69,Male,1.2078085,False,1.0
Indian_000148,Indian,60-69,Male,3569,3630,60-69,Male,60-69,Male,1.3528812,False,1.0
Indian_000149,Indian,60-69,Male,6199,3630,60-69,Male,60-69,Male,1.0419674,False,1.0
Indian_000150,Indian,60-69,Female,8133,7169,60-69,Female,60-69,Female,1.4073144,False,1.0
Indian_000151,Indian,60-69,Female,8133,600,60-69,Female,60-69,Female,1.1184828,False,1.0
Indian_000152,Indian,60-69,Female,8133,10518,60-69,Female,60-69,Female,1.4145464,False,1.0
Indian_000153,Indian,60-69,Female,8133,2832,60-69,Female,60-69,Female,1.270088,False,1.0
Indian_000154,Indian,60-69,Female,7169,600,60-69,Female,60-69,Female,1.3503292,False,1.0
Indian_000155,Indian,60-69,Female,7169,10518,60-69,Female,60-69,Female,1.7369978,False,1.0
Indian_000156,Indian,60-69,Female,7169,2832,60-69,Female,60-69,Female,1.3962657,False,1.0
Indian_000157,Indian,60-69,Female,600,10518,60-69,Female,60-69,Female,1.330596,False,1.0
Indian_000158,Indian,60-69,Female,600,2832,60-69,Female,60-69,Female,1.4001158,False,1.0
Indian_000159,Indian,60-69,Female,10518,2832,60-69,Female,60-69,Female,1.1971632,False,1.0
Indian_000160,Indian,70+,Male,8006,3064,70+,Male,70+,Male,1.4390903,False,1.0
Indian_000161,Indian,70+,Male,8006,3116,70+,Male,70+,Male,1.323295,False,1.0
Indian_000162,Indian,70+,Male,8006,6373,70+,Male,70+,Male,0.84694844,True,1.0
Indian_000163,Indian,70+,Male,8006,4189,70+,Male,70+,Male,1.7148727,False,1.0
Indian_000164,Indian,70+,Male,3064,3116,70+,Male,70+,Male,1.0563755,False,1.0
Indian_000165,Indian,70+,Male,3064,6373,70+,Male,70+,Male,1.0489976,False,1.0
Indian_000166,Indian,70+,Male,3064,4189,70+,Male,70+,Male,1.0811013,False,1.0
Indian_000167,Indian,70+,Male,3116,6373,70+,Male,70+,Male,1.3109748,False,1.0
Indian_000168,Indian,70+,Male,3116,4189,70+,Male,70+,Male,1.7388382,False,1.0
Indian_000169,Indian,70+,Male,6373,4189,70+,Male,70+,Male,1.3041809,False,1.0
Indian_000170,Indian,70+,Female,4618,1590,70+,Female,70+,Female,0.8909655,True,1.0
Indian_000171,Indian,70+,Female,4618,10385,70+,Female,70+,Female,1.0106895,False,1.0
Indian_000172,Indian,70+,Female,4618,2148,70+,Female,70+,Female,0.5777212,True,1.0
Indian_000173,Indian,70+,Female,4618,10085,70+,Female,70+,Female,1.2279327,False,1.0
Indian_000174,Indian,70+,Female,1590,10385,70+,Female,70+,Female,1.0058095,False,1.0
Indian_000175,Indian,70+,Female,1590,2148,70+,Female,70+,Female,1.053654,False,1.0
Indian_000176,Indian,70+,Female,1590,10085,70+,Female,70+,Female,0.7218804,True,1.0
Indian_000177,Indian,70+,Female,10385,2148,70+,Female,70+,Female,1.0312935,False,1.0
Indian_000178,Indian,70+,Female,10385,10085,70+,Female,70+,Female,0.89517677,True,1.0
Indian_000179,Indian,70+,Female,2148,10085,70+,Female,70+,Female,1.076725,False,1.0
Black_000000,Black,0-2,Male,10209,1915,0-2,Male,0-2,Male,0.52075106,True,1.0
Black_000001,Black,0-2,Male,10209,2059,0-2,Male,0-2,Male,0.39963788,True,1.0
Black_000002,Black,0-2,Male,10209,10326,0-2,Male,0-2,Male,0.4476511,True,1.0
Black_000003,Black,0-2,Male,10209,7968,0-2,Male,0-2,Male,0.9552513,True,1.0
Black_000004,Black,0-2,Male,1915,2059,0-2,Male,0-2,Male,0.425576,True,1.0
Black_000005,Black,0-2,Male,1915,10326,0-2,Male,0-2,Male,0.8321946,True,1.0
Black_000006,Black,0-2,Male,1915,7968,0-2,Male,0-2,Male,0.8358822,True,1.0
Black_000007,Black,0-2,Male,2059,10326,0-2,Male,0-2,Male,0.7189008,True,1.0
Black_000008,Black,0-2,Male,2059,7968,0-2,Male,0-2,Male,0.7678706,True,1.0
Black_000009,Black,0-2,Male,10326,7968,0-2,Male,0-2,Male,0.8819895,True,1.0
Black_000010,Black,0-2,Female,4187,9317,0-2,Female,0-2,Female,1.0658274,False,1.0
Black_000011,Black,0-2,Female,4187,2788,0-2,Female,0-2,Female,1.3858683,False,1.0
Black_000012,Black,0-2,Female,4187,10711,0-2,Female,0-2,Female,1.1216692,False,1.0
Black_000013,Black,0-2,Female,4187,3312,0-2,Female,0-2,Female,1.6443119,False,1.0
Black_000014,Black,0-2,Female,9317,2788,0-2,Female,0-2,Female,1.1396213,False,1.0
Black_000015,Black,0-2,Female,9317,10711,0-2,Female,0-2,Female,0.61076295,True,1.0
Black_000016,Black,0-2,Female,9317,3312,0-2,Female,0-2,Female,1.2096915,False,1.0
Black_000017,Black,0-2,Female,2788,10711,0-2,Female,0-2,Female,0.9648701,True,1.0
Black_000018,Black,0-2,Female,2788,3312,0-2,Female,0-2,Female,1.3929921,False,1.0
Black_000019,Black,0-2,Female,10711,3312,0-2,Female,0-2,Female,1.3552892,False,1.0
Black_000020,Black,3-9,Male,3370,9948,3-9,Male,3-9,Male,0.73241657,True,1.0
Black_000021,Black,3-9,Male,3370,2967,3-9,Male,3-9,Male,1.2808571,False,1.0
Black_000022,Black,3-9,Male,3370,5421,3-9,Male,3-9,Male,1.0776886,False,1.0
Black_000023,Black,3-9,Male,3370,6945,3-9,Male,3-9,Male,0.6179155,True,1.0
Black_000024,Black,3-9,Male,9948,2967,3-9,Male,3-9,Male,1.3554289,False,1.0
Black_000025,Black,3-9,Male,9948,5421,3-9,Male,3-9,Male,0.69614357,True,1.0
Black_000026,Black,3-9,Male,9948,6945,3-9,Male,3-9,Male,0.7910843,True,1.0
Black_000027,Black,3-9,Male,2967,5421,3-9,Male,3-9,Male,1.4752247,False,1.0
Black_000028,Black,3-9,Male,2967,6945,3-9,Male,3-9,Male,1.5240496,False,1.0
Black_000029,Black,3-9,Male,5421,6945,3-9,Male,3-9,Male,1.4555006,False,1.0
Black_000030,Black,3-9,Female,9589,9491,3-9,Female,3-9,Female,1.2612228,False,1.0
Black_000031,Black,3-9,Female,9589,4994,3-9,Female,3-9,Female,1.125612,False,1.0
Black_000032,Black,3-9,Female,9589,6395,3-9,Female,3-9,Female,1.2437009,False,1.0
Black_000033,Black,3-9,Female,9589,7645,3-9,Female,3-9,Female,1.2937605,False,1.0
Black_000034,Black,3-9,Female,9491,4994,3-9,Female,3-9,Female,0.77251345,True,1.0
Black_000035,Black,3-9,Female,9491,6395,3-9,Female,3-9,Female,1.1002026,False,1.0
Black_000036,Black,3-9,Female,9491,7645,3-9,Female,3-9,Female,0.8337825,True,1.0
Black_000037,Black,3-9,Female,4994,6395,3-9,Female,3-9,Female,1.0343719,False,1.0
Black_000038,Black,3-9,Female,4994,7645,3-9,Female,3-9,Female,0.83436966,True,1.0
Black_000039,Black,3-9,Female,6395,7645,3-9,Female,3-9,Female,1.2388004,False,1.0
Black_000040,Black,10-19,Male,6527,1586,10-19,Male,10-19,Male,1.0067934,False,1.0
Black_000041,Black,10-19,Male,6527,3798,10-19,Male,10-19,Male,0.8937284,True,1.0
Black_000042,Black,10-19,Male,6527,3581,10-19,Male,10-19,Male,1.3517022,False,1.0
Black_000043,Black,10-19,Male,6527,857,10-19,Male,10-19,Male,1.1480336,False,1.0
Black_000044,Black,10-19,Male,1586,3798,10-19,Male,10-19,Male,1.0178658,False,1.0
Black_000045,Black,10-19,Male,1586,3581,10-19,Male,10-19,Male,1.5817885,False,1.0
Black_000046,Black,10-19,Male,1586,857,10-19,Male,10-19,Male,1.4275103,False,1.0
Black_000047,Black,10-19,Male,3798,3581,10-19,Male,10-19,Male,1.2526704,False,1.0
Black_000048,Black,10-19,Male,3798,857,10-19,Male,10-19,Male,1.573256,False,1.0
Black_000049,Black,10-19,Male,3581,857,10-19,Male,10-19,Male,1.3098803,False,1.0
Black_000050,Black,10-19,Female,3009,166,10-19,Female,10-19,Female,1.4328067,False,1.0
Black_000051,Black,10-19,Female,3009,6876,10-19,Female,10-19,Female,1.5167712,False,1.0
Black_000052,Black,10-19,Female,3009,6177,10-19,Female,10-19,Female,1.5446155,False,1.0
Black_000053,Black,10-19,Female,3009,1897,10-19,Female,10-19,Female,0.9965682,True,1.0
Black_000054,Black,10-19,Female,166,6876,10-19,Female,10-19,Female,1.3305911,False,1.0
Black_000055,Black,10-19,Female,166,6177,10-19,Female,10-19,Female,1.4263515,False,1.0
Black_000056,Black,10-19,Female,166,1897,10-19,Female,10-19,Female,1.260155,False,1.0
Black_000057,Black,10-19,Female,6876,6177,10-19,Female,10-19,Female,1.3982378,False,1.0
Black_000058,Black,10-19,Female,6876,1897,10-19,Female,10-19,Female,1.3795491,False,1.0
Black_000059,Black,10-19,Female,6177,1897,10-19,Female,10-19,Female,0.8511573,True,1.0
Black_000060,Black,20-29,Male,8927,3046,20-29,Male,20-29,Male,1.7489989,False,1.0
Black_000061,Black,20-29,Male,8927,121,20-29,Male,20-29,Male,1.1210694,False,1.0
Black_000062,Black,20-29,Male,8927,895,20-29,Male,20-29,Male,1.3918958,False,1.0
Black_000063,Black,20-29,Male,8927,10566,20-29,Male,20-29,Male,1.3469064,False,1.0
Black_000064,Black,20-29,Male,3046,121,20-29,Male,20-29,Male,1.2798615,False,1.0
Black_000065,Black,20-29,Male,3046,895,20-29,Male,20-29,Male,1.662962,False,1.0
Black_000066,Black,20-29,Male,3046,10566,20-29,Male,20-29,Male,1.091308,False,1.0
Black_000067,Black,20-29,Male,121,895,20-29,Male,20-29,Male,1.4536256,False,1.0
Black_000068,Black,20-29,Male,121,10566,20-29,Male,20-29,Male,1.0242031,False,1.0
Black_000069,Black,20-29,Male,895,10566,20-29,Male,20-29,Male,1.2447407,False,1.0
Black_000070,Black,20-29,Female,7953,913,20-29,Female,20-29,Female,0.90878505,True,1.0
Black_000071,Black,20-29,Female,7953,2958,20-29,Female,20-29,Female,1.113407,False,1.0
Black_000072,Black,20-29,Female,7953,1019,20-29,Female,20-29,Female,1.3685395,False,1.0
Black_000073,Black,20-29,Female,7953,495,20-29,Female,20-29,Female,1.588192,False,1.0
Black_000074,Black,20-29,Female,913,2958,20-29,Female,20-29,Female,1.4733348,False,1.0
Black_000075,Black,20-29,Female,913,1019,20-29,Female,20-29,Female,1.6958928,False,1.0
Black_000076,Black,20-29,Female,913,495,20-29,Female,20-29,Female,1.5663699,False,1.0
Black_000077,Black,20-29,Female,2958,1019,20-29,Female,20-29,Female,1.327354,False,1.0
Black_000078,Black,20-29,Female,2958,495,20-29,Female,20-29,Female,1.6797938,False,1.0
Black_000079,Black,20-29,Female,1019,495,20-29,Female,20-29,Female,1.7156523,False,1.0
Black_000080,Black,30-39,Male,4715,946,30-39,Male,30-39,Male,1.0361412,False,1.0
Black_000081,Black,30-39,Male,4715,7424,30-39,Male,30-39,Male,1.8090029,False,1.0
Black_000082,Black,30-39,Male,4715,3319,30-39,Male,30-39,Male,1.626266,False,1.0
Black_000083,Black,30-39,Male,4715,3993,30-39,Male,30-39,Male,1.802106,False,1.0
Black_000084,Black,30-39,Male,946,7424,30-39,Male,30-39,Male,1.438275,False,1.0
Black_000085,Black,30-39,Male,946,3319,30-39,Male,30-39,Male,1.1139619,False,1.0
Black_000086,Black,30-39,Male,946,3993,30-39,Male,30-39,Male,1.1707249,False,1.0
Black_000087,Black,30-39,Male,7424,3319,30-39,Male,30-39,Male,1.7186751,False,1.0
Black_000088,Black,30-39,Male,7424,3993,30-39,Male,30-39,Male,1.3630674,False,1.0
Black_000089,Black,30-39,Male,3319,3993,30-39,Male,30-39,Male,2.03129,False,1.0
Black_000090,Black,30-39,Female,8535,3535,30-39,Female,30-39,Female,1.4624655,False,1.0
Black_000091,Black,30-39,Female,8535,9237,30-39,Female,30-39,Female,1.3154082,False,1.0
Black_000092,Black,30-39,Female,8535,2366,30-39,Female,30-39,Female,1.8385087,False,1.0
Black_000093,Black,30-39,Female,8535,9834,30-39,Female,30-39,Female,0.9876659,True,1.0
Black_000094,Black,30-39,Female,3535,9237,30-39,Female,30-39,Female,1.9515692,False,1.0
Black_000095,Black,30-39,Female,3535,2366,30-39,Female,30-39,Female,1.2354566,False,1.0
Black_000096,Black,30-39,Female,3535,9834,30-39,Female,30-39,Female,1.5665811,False,1.0
Black_000097,Black,30-39,Female,9237,2366,30-39,Female,30-39,Female,1.5518711,False,1.0
Black_000098,Black,30-39,Female,9237,9834,30-39,Female,30-39,Female,1.7609856,False,1.0
Black_000099,Black,30-39,Female,2366,9834,30-39,Female,30-39,Female,1.3335755,False,1.0
Black_000100,Black,40-49,Male,7523,5501,40-49,Male,40-49,Male,1.5268108,False,1.0
Black_000101,Black,40-49,Male,7523,2837,40-49,Male,40-49,Male,1.5690187,False,1.0
Black_000102,Black,40-49,Male,7523,10376,40-49,Male,40-49,Male,0.96228933,True,1.0
Black_000103,Black,40-49,Male,7523,10461,40-49,Male,40-49,Male,1.8096735,False,1.0
Black_000104,Black,40-49,Male,5501,2837,40-49,Male,40-49,Male,1.4920851,False,1.0
Black_000105,Black,40-49,Male,5501,10376,40-49,Male,40-49,Male,0.9067987,True,1.0
Black_000106,Black,40-49,Male,5501,10461,40-49,Male,40-49,Male,2.2522635,False,1.0
Black_000107,Black,40-49,Male,2837,10376,40-49,Male,40-49,Male,1.0524321,False,1.0
Black_000108,Black,40-49,Male,2837,10461,40-49,Male,40-49,Male,2.5099707,False,1.0
Black_000109,Black,40-49,Male,10376,10461,40-49,Male,40-49,Male,1.9725018,False,1.0
Black_000110,Black,40-49,Female,7307,4097,40-49,Female,40-49,Female,1.5291209,False,1.0
Black_000111,Black,40-49,Female,7307,2095,40-49,Female,40-49,Female,1.3217461,False,1.0
Black_000112,Black,40-49,Female,7307,7563,40-49,Female,40-49,Female,1.5735006,False,1.0
Black_000113,Black,40-49,Female,7307,6691,40-49,Female,40-49,Female,1.3577918,False,1.0
Black_000114,Black,40-49,Female,4097,2095,40-49,Female,40-49,Female,1.0462248,False,1.0
Black_000115,Black,40-49,Female,4097,7563,40-49,Female,40-49,Female,1.3489122,False,1.0
Black_000116,Black,40-49,Female,4097,6691,40-49,Female,40-49,Female,1.1172187,False,1.0
Black_000117,Black,40-49,Female,2095,7563,40-49,Female,40-49,Female,1.2452315,False,1.0
Black_000118,Black,40-49,Female,2095,6691,40-49,Female,40-49,Female,0.8804692,True,1.0
Black_000119,Black,40-49,Female,7563,6691,40-49,Female,40-49,Female,1.0676879,False,1.0
Black_000120,Black,50-59,Male,7494,7000,50-59,Male,50-59,Male,2.2314205,False,1.0
Black_000121,Black,50-59,Male,7494,7526,50-59,Male,50-59,Male,2.1906402,False,1.0
Black_000122,Black,50-59,Male,7494,10707,50-59,Male,50-59,Male,2.043577,False,1.0
Black_000123,Black,50-59,Male,7494,425,50-59,Male,50-59,Male,1.9987268,False,1.0
Black_000124,Black,50-59,Male,7000,7526,50-59,Male,50-59,Male,1.2613025,False,1.0
Black_000125,Black,50-59,Male,7000,10707,50-59,Male,50-59,Male,1.0952106,False,1.0
Black_000126,Black,50-59,Male,7000,425,50-59,Male,50-59,Male,1.0962352,False,1.0
Black_000127,Black,50-59,Male,7526,10707,50-59,Male,50-59,Male,1.3412251,False,1.0
Black_000128,Black,50-59,Male,7526,425,50-59,Male,50-59,Male,0.55359775,True,1.0
Black_000129,Black,50-59,Male,10707,425,50-59,Male,50-59,Male,1.4771105,False,1.0
Black_000130,Black,50-59,Female,10817,10397,50-59,Female,50-59,Female,1.0784051,False,1.0
Black_000131,Black,50-59,Female,10817,884,50-59,Female,50-59,Female,1.6919689,False,1.0
Black_000132,Black,50-59,Female,10817,679,50-59,Female,50-59,Female,1.1881919,False,1.0
Black_000133,Black,50-59,Female,10817,5313,50-59,Female,50-59,Female,1.5135162,False,1.0
Black_000134,Black,50-59,Female,10397,884,50-59,Female,50-59,Female,1.1754911,False,1.0
Black_000135,Black,50-59,Female,10397,679,50-59,Female,50-59,Female,0.8620175,True,1.0
Black_000136,Black,50-59,Female,10397,5313,50-59,Female,50-59,Female,1.3830618,False,1.0
Black_000137,Black,50-59,Female,884,679,50-59,Female,50-59,Female,1.2680746,False,1.0
Black_000138,Black,50-59,Female,884,5313,50-59,Female,50-59,Female,1.3341658,False,1.0
Black_000139,Black,50-59,Female,679,5313,50-59,Female,50-59,Female,1.0818218,False,1.0
Black_000140,Black,60-69,Male,3086,60,60-69,Male,60-69,Male,1.9209441,False,1.0
Black_000141,Black,60-69,Male,3086,2497,60-69,Male,60-69,Male,1.6333545,False,1.0
Black_000142,Black,60-69,Male,3086,6739,60-69,Male,60-69,Male,1.2162647,False,1.0
Black_000143,Black,60-69,Male,3086,8440,60-69,Male,60-69,Male,1.838942,False,1.0
Black_000144,Black,60-69,Male,60,2497,60-69,Male,60-69,Male,1.2905395,False,1.0
Black_000145,Black,60-69,Male,60,6739,60-69,Male,60-69,Male,1.2881935,False,1.0
Black_000146,Black,60-69,Male,60,8440,60-69,Male,60-69,Male,1.3450139,False,1.0
Black_000147,Black,60-69,Male,2497,6739,60-69,Male,60-69,Male,1.37397,False,1.0
Black_000148,Black,60-69,Male,2497,8440,60-69,Male,60-69,Male,1.0059536,False,1.0
Black_000149,Black,60-69,Male,6739,8440,60-69,Male,60-69,Male,1.4698951,False,1.0
Black_000150,Black,60-69,Female,10308,8106,60-69,Female,60-69,Female,0.6481347,True,1.0
Black_000151,Black,60-69,Female,10308,616,60-69,Female,60-69,Female,0.8652302,True,1.0
Black_000152,Black,60-69,Female,10308,7994,60-69,Female,60-69,Female,0.67351866,True,1.0
Black_000153,Black,60-69,Female,10308,1762,60-69,Female,60-69,Female,0.9544462,True,1.0
Black_000154,Black,60-69,Female,8106,616,60-69,Female,60-69,Female,1.0808277,False,1.0
Black_000155,Black,60-69,Female,8106,7994,60-69,Female,60-69,Female,1.072861,False,1.0
Black_000156,Black,60-69,Female,8106,1762,60-69,Female,60-69,Female,1.3819164,False,1.0
Black_000157,Black,60-69,Female,616,7994,60-69,Female,60-69,Female,0.9877888,True,1.0
Black_000158,Black,60-69,Female,616,1762,60-69,Female,60-69,Female,1.2954609,False,1.0
Black_000159,Black,60-69,Female,7994,1762,60-69,Female,60-69,Female,1.1389968,False,1.0
Black_000160,Black,70+,Male,4142,6830,70+,Male,70+,Male,1.2018747,False,1.0
Black_000161,Black,70+,Male,4142,2740,70+,Male,70+,Male,0.7337856,True,1.0
Black_000162,Black,70+,Male,4142,594,70+,Male,70+,Male,1.6970482,False,1.0
Black_000163,Black,70+,Male,4142,7141,70+,Male,70+,Male,0.7913078,True,1.0
Black_000164,Black,70+,Male,6830,2740,70+,Male,70+,Male,1.1987078,False,1.0
Black_000165,Black,70+,Male,6830,594,70+,Male,70+,Male,1.4983429,False,1.0
Black_000166,Black,70+,Male,6830,7141,70+,Male,70+,Male,0.89232266,True,1.0
Black_000167,Black,70+,Male,2740,594,70+,Male,70+,Male,1.5014714,False,1.0
Black_000168,Black,70+,Male,2740,7141,70+,Male,70+,Male,1.0877224,False,1.0
Black_000169,Black,70+,Male,594,7141,70+,Male,70+,Male,1.5912836,False,1.0
Black_000170,Black,70+,Female,9264,5385,70+,Female,70+,Female,1.1870844,False,1.0
Black_000171,Black,70+,Female,9264,1465,70+,Female,70+,Female,1.0741081,False,1.0
Black_000172,Black,70+,Female,9264,482,70+,Female,70+,Female,1.0759594,False,1.0
Black_000173,Black,70+,Female,9264,8138,70+,Female,70+,Female,1.075668,False,1.0
Black_000174,Black,70+,Female,5385,1465,70+,Female,70+,Female,0.91855574,True,1.0
Black_000175,Black,70+,Female,5385,482,70+,Female,70+,Female,0.6238033,True,1.0
Black_000176,Black,70+,Female,5385,8138,70+,Female,70+,Female,0.4868573,True,1.0
Black_000177,Black,70+,Female,1465,482,70+,Female,70+,Female,1.2781734,False,1.0
Black_000178,Black,70+,Female,1465,8138,70+,Female,70+,Female,0.8229573,True,1.0
Black_000179,Black,70+,Female,482,8138,70+,Female,70+,Female,0.8145846,True,1.0
White_000000,White,0-2,Male,10855,44,0-2,Male,0-2,Male,0.79520446,True,1.0
White_000001,White,0-2,Male,10855,794,0-2,Male,0-2,Male,0.8980573,True,1.0
White_000002,White,0-2,Male,10855,10651,0-2,Male,0-2,Male,1.1408485,False,1.0
White_000003,White,0-2,Male,10855,2851,0-2,Male,0-2,Male,0.9103726,True,1.0
White_000004,White,0-2,Male,44,794,0-2,Male,0-2,Male,0.5654909,True,1.0
White_000005,White,0-2,Male,44,10651,0-2,Male,0-2,Male,1.0021353,False,1.0
White_000006,White,0-2,Male,44,2851,0-2,Male,0-2,Male,0.90413404,True,1.0
White_000007,White,0-2,Male,794,10651,0-2,Male,0-2,Male,0.7337569,True,1.0
White_000008,White,0-2,Male,794,2851,0-2,Male,0-2,Male,0.71493113,True,1.0
White_000009,White,0-2,Male,10651,2851,0-2,Male,0-2,Male,0.7493514,True,1.0
White_000010,White,0-2,Female,2334,6617,0-2,Female,0-2,Female,0.75828683,True,1.0
White_000011,White,0-2,Female,2334,3392,0-2,Female,0-2,Female,0.6712382,True,1.0
White_000012,White,0-2,Female,2334,8176,0-2,Female,0-2,Female,1.4846683,False,1.0
White_000013,White,0-2,Female,2334,2103,0-2,Female,0-2,Female,0.69321,True,1.0
White_000014,White,0-2,Female,6617,3392,0-2,Female,0-2,Female,0.7954598,True,1.0
White_000015,White,0-2,Female,6617,8176,0-2,Female,0-2,Female,1.4525969,False,1.0
White_000016,White,0-2,Female,6617,2103,0-2,Female,0-2,Female,0.86273086,True,1.0
White_000017,White,0-2,Female,3392,8176,0-2,Female,0-2,Female,1.2082869,False,1.0
White_000018,White,0-2,Female,3392,2103,0-2,Female,0-2,Female,0.8269519,True,1.0
White_000019,White,0-2,Female,8176,2103,0-2,Female,0-2,Female,1.8167162,False,1.0
White_000020,White,3-9,Male,6543,1016,3-9,Male,3-9,Male,0.8407254,True,1.0
White_000021,White,3-9,Male,6543,3050,3-9,Male,3-9,Male,1.1131678,False,1.0
White_000022,White,3-9,Male,6543,6330,3-9,Male,3-9,Male,1.484992,False,1.0
White_000023,White,3-9,Male,6543,476,3-9,Male,3-9,Male,1.3457835,False,1.0
White_000024,White,3-9,Male,1016,3050,3-9,Male,3-9,Male,1.4249982,False,1.0
White_000025,White,3-9,Male,1016,6330,3-9,Male,3-9,Male,1.2321353,False,1.0
White_000026,White,3-9,Male,1016,476,3-9,Male,3-9,Male,1.2594184,False,1.0
White_000027,White,3-9,Male,3050,6330,3-9,Male,3-9,Male,1.3484517,False,1.0
White_000028,White,3-9,Male,3050,476,3-9,Male,3-9,Male,1.1775371,False,1.0
White_000029,White,3-9,Male,6330,476,3-9,Male,3-9,Male,1.6714878,False,1.0
White_000030,White,3-9,Female,4904,3444,3-9,Female,3-9,Female,1.1036993,False,1.0
White_000031,White,3-9,Female,4904,6349,3-9,Female,3-9,Female,1.073088,False,1.0
White_000032,White,3-9,Female,4904,3901,3-9,Female,3-9,Female,1.7452714,False,1.0
White_000033,White,3-9,Female,4904,5779,3-9,Female,3-9,Female,1.3184638,False,1.0
White_000034,White,3-9,Female,3444,6349,3-9,Female,3-9,Female,1.4643363,False,1.0
White_000035,White,3-9,Female,3444,3901,3-9,Female,3-9,Female,1.6399837,False,1.0
White_000036,White,3-9,Female,3444,5779,3-9,Female,3-9,Female,1.4251251,False,1.0
White_000037,White,3-9,Female,6349,3901,3-9,Female,3-9,Female,1.4466791,False,1.0
White_000038,White,3-9,Female,6349,5779,3-9,Female,3-9,Female,1.1452432,False,1.0
White_000039,White,3-9,Female,3901,5779,3-9,Female,3-9,Female,1.4076686,False,1.0
White_000040,White,10-19,Male,10239,8837,10-19,Male,10-19,Male,1.8280357,False,1.0
White_000041,White,10-19,Male,10239,2460,10-19,Male,10-19,Male,1.5830588,False,1.0
White_000042,White,10-19,Male,10239,3066,10-19,Male,10-19,Male,1.7111719,False,1.0
White_000043,White,10-19,Male,10239,5439,10-19,Male,10-19,Male,1.3893254,False,1.0
White_000044,White,10-19,Male,8837,2460,10-19,Male,10-19,Male,1.5224264,False,1.0
White_000045,White,10-19,Male,8837,3066,10-19,Male,10-19,Male,1.8993881,False,1.0
White_000046,White,10-19,Male,8837,5439,10-19,Male,10-19,Male,2.0746675,False,1.0
White_000047,White,10-19,Male,2460,3066,10-19,Male,10-19,Male,1.6460643,False,1.0
White_000048,White,10-19,Male,2460,5439,10-19,Male,10-19,Male,1.9848278,False,1.0
White_000049,White,10-19,Male,3066,5439,10-19,Male,10-19,Male,1.9011661,False,1.0
White_000050,White,10-19,Female,2885,659,10-19,Female,10-19,Female,2.028534,False,1.0
White_000051,White,10-19,Female,2885,9463,10-19,Female,10-19,Female,1.7796011,False,1.0
White_000052,White,10-19,Female,2885,8672,10-19,Female,10-19,Female,1.8009317,False,1.0
White_000053,White,10-19,Female,2885,5446,10-19,Female,10-19,Female,1.4876962,False,1.0
White_000054,White,10-19,Female,659,9463,10-19,Female,10-19,Female,2.0988169,False,1.0
White_000055,White,10-19,Female,659,8672,10-19,Female,10-19,Female,1.8161759,False,1.0
White_000056,White,10-19,Female,659,5446,10-19,Female,10-19,Female,1.2263232,False,1.0
White_000057,White,10-19,Female,9463,8672,10-19,Female,10-19,Female,1.8283594,False,1.0
White_000058,White,10-19,Female,9463,5446,10-19,Female,10-19,Female,1.716672,False,1.0
White_000059,White,10-19,Female,8672,5446,10-19,Female,10-19,Female,1.5141621,False,1.0
White_000060,White,20-29,Male,1419,1324,20-29,Male,20-29,Male,1.9988557,False,1.0
White_000061,White,20-29,Male,1419,9437,20-29,Male,20-29,Male,2.265157,False,1.0
White_000062,White,20-29,Male,1419,9927,20-29,Male,20-29,Male,2.1025598,False,1.0
White_000063,White,20-29,Male,1419,10506,20-29,Male,20-29,Male,2.3679018,False,1.0
White_000064,White,20-29,Male,1324,9437,20-29,Male,20-29,Male,1.2067108,False,1.0
White_000065,White,20-29,Male,1324,9927,20-29,Male,20-29,Male,1.4767351,False,1.0
White_000066,White,20-29,Male,1324,10506,20-29,Male,20-29,Male,1.391772,False,1.0
White_000067,White,20-29,Male,9437,9927,20-29,Male,20-29,Male,1.5704279,False,1.0
White_000068,White,20-29,Male,9437,10506,20-29,Male,20-29,Male,1.8486348,False,1.0
White_000069,White,20-29,Male,9927,10506,20-29,Male,20-29,Male,1.6832197,False,1.0
White_000070,White,20-29,Female,2323,967,20-29,Female,20-29,Female,1.9876597,False,1.0
White_000071,White,20-29,Female,2323,7836,20-29,Female,20-29,Female,1.3262044,False,1.0
White_000072,White,20-29,Female,2323,1258,20-29,Female,20-29,Female,1.9770133,False,1.0
White_000073,White,20-29,Female,2323,2924,20-29,Female,20-29,Female,1.7394967,False,1.0
White_000074,White,20-29,Female,967,7836,20-29,Female,20-29,Female,2.1064997,False,1.0
White_000075,White,20-29,Female,967,1258,20-29,Female,20-29,Female,1.858619,False,1.0
White_000076,White,20-29,Female,967,2924,20-29,Female,20-29,Female,2.0128849,False,1.0
White_000077,White,20-29,Female,7836,1258,20-29,Female,20-29,Female,2.3838305,False,1.0
White_000078,White,20-29,Female,7836,2924,20-29,Female,20-29,Female,1.6361095,False,1.0
White_000079,White,20-29,Female,1258,2924,20-29,Female,20-29,Female,2.2144403,False,1.0
White_000080,White,30-39,Male,1388,1385,30-39,Male,30-39,Male,1.597455,False,1.0
White_000081,White,30-39,Male,1388,4794,30-39,Male,30-39,Male,1.7880408,False,1.0
White_000082,White,30-39,Male,1388,8349,30-39,Male,30-39,Male,2.282843,False,1.0
White_000083,White,30-39,Male,1388,2517,30-39,Male,30-39,Male,2.007627,False,1.0
White_000084,White,30-39,Male,1385,4794,30-39,Male,30-39,Male,2.4271874,False,1.0
White_000085,White,30-39,Male,1385,8349,30-39,Male,30-39,Male,2.044558,False,1.0
White_000086,White,30-39,Male,1385,2517,30-39,Male,30-39,Male,2.0745397,False,1.0
White_000087,White,30-39,Male,4794,8349,30-39,Male,30-39,Male,1.7950449,False,1.0
White_000088,White,30-39,Male,4794,2517,30-39,Male,30-39,Male,2.4819956,False,1.0
White_000089,White,30-39,Male,8349,2517,30-39,Male,30-39,Male,1.7073596,False,1.0
White_000090,White,30-39,Female,7400,2947,30-39,Female,30-39,Female,1.8503598,False,1.0
White_000091,White,30-39,Female,7400,7533,30-39,Female,30-39,Female,1.3059618,False,1.0
White_000092,White,30-39,Female,7400,7685,30-39,Female,30-39,Female,1.342482,False,1.0
White_000093,White,30-39,Female,7400,626,30-39,Female,30-39,Female,1.3655556,False,1.0
White_000094,White,30-39,Female,2947,7533,30-39,Female,30-39,Female,1.7410815,False,1.0
White_000095,White,30-39,Female,2947,7685,30-39,Female,30-39,Female,1.881333,False,1.0
White_000096,White,30-39,Female,2947,626,30-39,Female,30-39,Female,1.5446818,False,1.0
White_000097,White,30-39,Female,7533,7685,30-39,Female,30-39,Female,1.1279356,False,1.0
White_000098,White,30-39,Female,7533,626,30-39,Female,30-39,Female,1.4879363,False,1.0
White_000099,White,30-39,Female,7685,626,30-39,Female,30-39,Female,1.5201032,False,1.0
White_000100,White,40-49,Male,9724,1434,40-49,Male,40-49,Male,2.0488663,False,1.0
White_000101,White,40-49,Male,9724,6825,40-49,Male,40-49,Male,2.1489654,False,1.0
White_000102,White,40-49,Male,9724,10856,40-49,Male,40-49,Male,2.6621082,False,1.0
White_000103,White,40-49,Male,9724,9290,40-49,Male,40-49,Male,1.9805155,False,1.0
White_000104,White,40-49,Male,1434,6825,40-49,Male,40-49,Male,1.5540583,False,1.0
White_000105,White,40-49,Male,1434,10856,40-49,Male,40-49,Male,2.3053005,False,1.0
White_000106,White,40-49,Male,1434,9290,40-49,Male,40-49,Male,1.942815,False,1.0
White_000107,White,40-49,Male,6825,10856,40-49,Male,40-49,Male,1.3360856,False,1.0
White_000108,White,40-49,Male,6825,9290,40-49,Male,40-49,Male,1.2726582,False,1.0
White_000109,White,40-49,Male,10856,9290,40-49,Male,40-49,Male,1.6474332,False,1.0
White_000110,White,40-49,Female,9089,8480,40-49,Female,40-49,Female,1.7498167,False,1.0
White_000111,White,40-49,Female,9089,6099,40-49,Female,40-49,Female,1.6769313,False,1.0
White_000112,White,40-49,Female,9089,4889,40-49,Female,40-49,Female,0.97072953,True,1.0
White_000113,White,40-49,Female,9089,3817,40-49,Female,40-49,Female,1.712419,False,1.0
White_000114,White,40-49,Female,8480,6099,40-49,Female,40-49,Female,1.5558023,False,1.0
White_000115,White,40-49,Female,8480,4889,40-49,Female,40-49,Female,1.6114526,False,1.0
White_000116,White,40-49,Female,8480,3817,40-49,Female,40-49,Female,1.72785,False,1.0
White_000117,White,40-49,Female,6099,4889,40-49,Female,40-49,Female,1.9759201,False,1.0
White_000118,White,40-49,Female,6099,3817,40-49,Female,40-49,Female,2.2005157,False,1.0
White_000119,White,40-49,Female,4889,3817,40-49,Female,40-49,Female,1.7328181,False,1.0
White_000120,White,50-59,Male,6820,5216,50-59,Male,50-59,Male,1.3100481,False,1.0
White_000121,White,50-59,Male,6820,6008,50-59,Male,50-59,Male,2.2411156,False,1.0
White_000122,White,50-59,Male,6820,8727,50-59,Male,50-59,Male,2.026174,False,1.0
White_000123,White,50-59,Male,6820,2907,50-59,Male,50-59,Male,1.7519245,False,1.0
White_000124,White,50-59,Male,5216,6008,50-59,Male,50-59,Male,2.2624445,False,1.0
White_000125,White,50-59,Male,5216,8727,50-59,Male,50-59,Male,1.8240967,False,1.0
White_000126,White,50-59,Male,5216,2907,50-59,Male,50-59,Male,2.109487,False,1.0
White_000127,White,50-59,Male,6008,8727,50-59,Male,50-59,Male,1.826145,False,1.0
White_000128,White,50-59,Male,6008,2907,50-59,Male,50-59,Male,2.13262,False,1.0
White_000129,White,50-59,Male,8727,2907,50-59,Male,50-59,Male,1.9505315,False,1.0
White_000130,White,50-59,Female,5712,9366,50-59,Female,50-59,Female,1.8437245,False,1.0
White_000131,White,50-59,Female,5712,5974,50-59,Female,50-59,Female,1.1999671,False,1.0
White_000132,White,50-59,Female,5712,1259,50-59,Female,50-59,Female,1.3560238,False,1.0
White_000133,White,50-59,Female,5712,322,50-59,Female,50-59,Female,1.401641,False,1.0
White_000134,White,50-59,Female,9366,5974,50-59,Female,50-59,Female,1.8565406,False,1.0
White_000135,White,50-59,Female,9366,1259,50-59,Female,50-59,Female,1.5840461,False,1.0
White_000136,White,50-59,Female,9366,322,50-59,Female,50-59,Female,1.5323162,False,1.0
White_000137,White,50-59,Female,5974,1259,50-59,Female,50-59,Female,1.3585222,False,1.0
White_000138,White,50-59,Female,5974,322,50-59,Female,50-59,Female,1.306082,False,1.0
White_000139,White,50-59,Female,1259,322,50-59,Female,50-59,Female,1.3291825,False,1.0
White_000140,White,60-69,Male,5695,8046,60-69,Male,60-69,Male,1.5870128,False,1.0
White_000141,White,60-69,Male,5695,6927,60-69,Male,60-69,Male,1.4278152,False,1.0
White_000142,White,60-69,Male,5695,1646,60-69,Male,60-69,Male,2.2602725,False,1.0
White_000143,White,60-69,Male,5695,1575,60-69,Male,60-69,Male,1.3999822,False,1.0
White_000144,White,60-69,Male,8046,6927,60-69,Male,60-69,Male,1.6204265,False,1.0
White_000145,White,60-69,Male,8046,1646,60-69,Male,60-69,Male,1.6896746,False,1.0
White_000146,White,60-69,Male,8046,1575,60-69,Male,60-69,Male,1.7811346,False,1.0
White_000147,White,60-69,Male,6927,1646,60-69,Male,60-69,Male,1.5302575,False,1.0
White_000148,White,60-69,Male,6927,1575,60-69,Male,60-69,Male,1.757339,False,1.0
White_000149,White,60-69,Male,1646,1575,60-69,Male,60-69,Male,1.4452838,False,1.0
White_000150,White,60-69,Female,10443,4165,60-69,Female,60-69,Female,1.66927,False,1.0
White_000151,White,60-69,Female,10443,10010,60-69,Female,60-69,Female,1.8682795,False,1.0
White_000152,White,60-69,Female,10443,5436,60-69,Female,60-69,Female,1.416008,False,1.0
White_000153,White,60-69,Female,10443,2601,60-69,Female,60-69,Female,1.4672219,False,1.0
White_000154,White,60-69,Female,4165,10010,60-69,Female,60-69,Female,1.3824837,False,1.0
White_000155,White,60-69,Female,4165,5436,60-69,Female,60-69,Female,1.6985707,False,1.0
White_000156,White,60-69,Female,4165,2601,60-69,Female,60-69,Female,1.8640345,False,1.0
White_000157,White,60-69,Female,10010,5436,60-69,Female,60-69,Female,1.9723713,False,1.0
White_000158,White,60-69,Female,10010,2601,60-69,Female,60-69,Female,1.7477047,False,1.0
White_000159,White,60-69,Female,5436,2601,60-69,Female,60-69,Female,1.7360001,False,1.0
White_000160,White,70+,Male,9010,5556,70+,Male,70+,Male,1.7761416,False,1.0
White_000161,White,70+,Male,9010,1866,70+,Male,70+,Male,1.145866,False,1.0
White_000162,White,70+,Male,9010,3932,70+,Male,70+,Male,1.6628265,False,1.0
White_000163,White,70+,Male,9010,8980,70+,Male,70+,Male,1.5686722,False,1.0
White_000164,White,70+,Male,5556,1866,70+,Male,70+,Male,1.3276119,False,1.0
White_000165,White,70+,Male,5556,3932,70+,Male,70+,Male,1.0421575,False,1.0
White_000166,White,70+,Male,5556,8980,70+,Male,70+,Male,1.1297429,False,1.0
White_000167,White,70+,Male,1866,3932,70+,Male,70+,Male,1.6827857,False,1.0
White_000168,White,70+,Male,1866,8980,70+,Male,70+,Male,1.6919768,False,1.0
White_000169,White,70+,Male,3932,8980,70+,Male,70+,Male,1.4644837,False,1.0
White_000170,White,70+,Female,4099,3262,70+,Female,70+,Female,1.5383899,False,1.0
White_000171,White,70+,Female,4099,5448,70+,Female,70+,Female,1.3484343,False,1.0
White_000172,White,70+,Female,4099,10923,70+,Female,70+,Female,1.1326783,False,1.0
White_000173,White,70+,Female,4099,7092,70+,Female,70+,Female,1.0142283,False,1.0
White_000174,White,70+,Female,3262,5448,70+,Female,70+,Female,1.2879012,False,1.0
White_000175,White,70+,Female,3262,10923,70+,Female,70+,Female,1.3786793,False,1.0
White_000176,White,70+,Female,3262,7092,70+,Female,70+,Female,1.1535418,False,1.0
White_000177,White,70+,Female,5448,10923,70+,Female,70+,Female,1.1090832,False,1.0
White_000178,White,70+,Female,5448,7092,70+,Female,70+,Female,1.1799293,False,1.0
White_000179,White,70+,Female,10923,7092,70+,Female,70+,Female,1.20761,False,1.0
Middle_Eastern_000000,Middle_Eastern,0-2,Male,163,5568,0-2,Male,0-2,Male,0.65459836,True,1.0
Middle_Eastern_000001,Middle_Eastern,0-2,Male,163,3295,0-2,Male,0-2,Male,0.74622524,True,1.0
Middle_Eastern_000002,Middle_Eastern,0-2,Male,163,543,0-2,Male,0-2,Male,0.7725958,True,1.0
Middle_Eastern_000003,Middle_Eastern,0-2,Male,163,10615,0-2,Male,0-2,Male,0.75398684,True,1.0
Middle_Eastern_000004,Middle_Eastern,0-2,Male,5568,3295,0-2,Male,0-2,Male,0.5105548,True,1.0
Middle_Eastern_000005,Middle_Eastern,0-2,Male,5568,543,0-2,Male,0-2,Male,0.4486157,True,1.0
Middle_Eastern_000006,Middle_Eastern,0-2,Male,5568,10615,0-2,Male,0-2,Male,0.5081204,True,1.0
Middle_Eastern_000007,Middle_Eastern,0-2,Male,3295,543,0-2,Male,0-2,Male,0.30120158,True,1.0
Middle_Eastern_000008,Middle_Eastern,0-2,Male,3295,10615,0-2,Male,0-2,Male,0.61613464,True,1.0
Middle_Eastern_000009,Middle_Eastern,0-2,Male,543,10615,0-2,Male,0-2,Male,0.75331306,True,1.0
Middle_Eastern_000010,Middle_Eastern,0-2,Female,2022,6107,0-2,Female,0-2,Female,0.8020107,True,1.0
Middle_Eastern_000011,Middle_Eastern,3-9,Male,3864,5906,3-9,Male,3-9,Male,1.5502999,False,1.0
Middle_Eastern_000012,Middle_Eastern,3-9,Male,3864,3538,3-9,Male,3-9,Male,1.7536492,False,1.0
Middle_Eastern_000013,Middle_Eastern,3-9,Male,3864,2855,3-9,Male,3-9,Male,1.5726651,False,1.0
Middle_Eastern_000014,Middle_Eastern,3-9,Male,3864,3994,3-9,Male,3-9,Male,0.77662504,True,1.0
Middle_Eastern_000015,Middle_Eastern,3-9,Male,5906,3538,3-9,Male,3-9,Male,1.8493552,False,1.0
Middle_Eastern_000016,Middle_Eastern,3-9,Male,5906,2855,3-9,Male,3-9,Male,1.6558738,False,1.0
Middle_Eastern_000017,Middle_Eastern,3-9,Male,5906,3994,3-9,Male,3-9,Male,1.2784915,False,1.0
Middle_Eastern_000018,Middle_Eastern,3-9,Male,3538,2855,3-9,Male,3-9,Male,1.9553423,False,1.0
Middle_Eastern_000019,Middle_Eastern,3-9,Male,3538,3994,3-9,Male,3-9,Male,2.173819,False,1.0
Middle_Eastern_000020,Middle_Eastern,3-9,Male,2855,3994,3-9,Male,3-9,Male,1.5359159,False,1.0
Middle_Eastern_000021,Middle_Eastern,3-9,Female,4838,4845,3-9,Female,3-9,Female,1.7820375,False,1.0
Middle_Eastern_000022,Middle_Eastern,3-9,Female,4838,9368,3-9,Female,3-9,Female,1.2819004,False,1.0
Middle_Eastern_000023,Middle_Eastern,3-9,Female,4838,3888,3-9,Female,3-9,Female,1.067733,False,1.0
Middle_Eastern_000024,Middle_Eastern,3-9,Female,4838,10341,3-9,Female,3-9,Female,1.4588933,False,1.0
Middle_Eastern_000025,Middle_Eastern,3-9,Female,4845,9368,3-9,Female,3-9,Female,1.6728873,False,1.0
Middle_Eastern_000026,Middle_Eastern,3-9,Female,4845,3888,3-9,Female,3-9,Female,1.5214336,False,1.0
Middle_Eastern_000027,Middle_Eastern,3-9,Female,4845,10341,3-9,Female,3-9,Female,1.8383169,False,1.0
Middle_Eastern_000028,Middle_Eastern,3-9,Female,9368,3888,3-9,Female,3-9,Female,1.1986141,False,1.0
Middle_Eastern_000029,Middle_Eastern,3-9,Female,9368,10341,3-9,Female,3-9,Female,1.4801329,False,1.0
Middle_Eastern_000030,Middle_Eastern,3-9,Female,3888,10341,3-9,Female,3-9,Female,1.7412362,False,1.0
Middle_Eastern_000031,Middle_Eastern,10-19,Male,5192,2928,10-19,Male,10-19,Male,0.83052796,True,1.0
Middle_Eastern_000032,Middle_Eastern,10-19,Male,5192,10038,10-19,Male,10-19,Male,1.7725623,False,1.0
Middle_Eastern_000033,Middle_Eastern,10-19,Male,5192,9638,10-19,Male,10-19,Male,0.9485416,True,1.0
Middle_Eastern_000034,Middle_Eastern,10-19,Male,5192,3815,10-19,Male,10-19,Male,1.6635859,False,1.0
Middle_Eastern_000035,Middle_Eastern,10-19,Male,2928,10038,10-19,Male,10-19,Male,1.4671438,False,1.0
Middle_Eastern_000036,Middle_Eastern,10-19,Male,2928,9638,10-19,Male,10-19,Male,1.1667709,False,1.0
Middle_Eastern_000037,Middle_Eastern,10-19,Male,2928,3815,10-19,Male,10-19,Male,1.8723565,False,1.0
Middle_Eastern_000038,Middle_Eastern,10-19,Male,10038,9638,10-19,Male,10-19,Male,1.1812779,False,1.0
Middle_Eastern_000039,Middle_Eastern,10-19,Male,10038,3815,10-19,Male,10-19,Male,1.3622828,False,1.0
Middle_Eastern_000040,Middle_Eastern,10-19,Male,9638,3815,10-19,Male,10-19,Male,1.4388173,False,1.0
Middle_Eastern_000041,Middle_Eastern,10-19,Female,9349,9104,10-19,Female,10-19,Female,1.8876511,False,1.0
Middle_Eastern_000042,Middle_Eastern,10-19,Female,9349,3520,10-19,Female,10-19,Female,1.8926519,False,1.0
Middle_Eastern_000043,Middle_Eastern,10-19,Female,9349,638,10-19,Female,10-19,Female,1.8043041,False,1.0
Middle_Eastern_000044,Middle_Eastern,10-19,Female,9349,989,10-19,Female,10-19,Female,2.2698708,False,1.0
Middle_Eastern_000045,Middle_Eastern,10-19,Female,9104,3520,10-19,Female,10-19,Female,1.0488691,False,1.0
Middle_Eastern_000046,Middle_Eastern,10-19,Female,9104,638,10-19,Female,10-19,Female,0.96039563,True,1.0
Middle_Eastern_000047,Middle_Eastern,10-19,Female,9104,989,10-19,Female,10-19,Female,1.299363,False,1.0
Middle_Eastern_000048,Middle_Eastern,10-19,Female,3520,638,10-19,Female,10-19,Female,1.3295934,False,1.0
Middle_Eastern_000049,Middle_Eastern,10-19,Female,3520,989,10-19,Female,10-19,Female,1.4676746,False,1.0
Middle_Eastern_000050,Middle_Eastern,10-19,Female,638,989,10-19,Female,10-19,Female,1.4609663,False,1.0
Middle_Eastern_000051,Middle_Eastern,20-29,Male,10478,7771,20-29,Male,20-29,Male,1.5514841,False,1.0
Middle_Eastern_000052,Middle_Eastern,20-29,Male,10478,5726,20-29,Male,20-29,Male,1.069315,False,1.0
Middle_Eastern_000053,Middle_Eastern,20-29,Male,10478,700,20-29,Male,20-29,Male,1.6299899,False,1.0
Middle_Eastern_000054,Middle_Eastern,20-29,Male,10478,278,20-29,Male,20-29,Male,1.8440409,False,1.0
Middle_Eastern_000055,Middle_Eastern,20-29,Male,7771,5726,20-29,Male,20-29,Male,1.637397,False,1.0
Middle_Eastern_000056,Middle_Eastern,20-29,Male,7771,700,20-29,Male,20-29,Male,1.7197292,False,1.0
Middle_Eastern_000057,Middle_Eastern,20-29,Male,7771,278,20-29,Male,20-29,Male,2.2336469,False,1.0
Middle_Eastern_000058,Middle_Eastern,20-29,Male,5726,700,20-29,Male,20-29,Male,1.7701265,False,1.0
Middle_Eastern_000059,Middle_Eastern,20-29,Male,5726,278,20-29,Male,20-29,Male,1.936945,False,1.0
Middle_Eastern_000060,Middle_Eastern,20-29,Male,700,278,20-29,Male,20-29,Male,2.6378899,False,1.0
Middle_Eastern_000061,Middle_Eastern,20-29,Female,6226,2771,20-29,Female,20-29,Female,2.0302558,False,1.0
Middle_Eastern_000062,Middle_Eastern,20-29,Female,6226,5167,20-29,Female,20-29,Female,1.7417691,False,1.0
Middle_Eastern_000063,Middle_Eastern,20-29,Female,6226,3489,20-29,Female,20-29,Female,1.3809735,False,1.0
Middle_Eastern_000064,Middle_Eastern,20-29,Female,6226,8523,20-29,Female,20-29,Female,2.1364481,False,1.0
Middle_Eastern_000065,Middle_Eastern,20-29,Female,2771,5167,20-29,Female,20-29,Female,2.3657322,False,1.0
Middle_Eastern_000066,Middle_Eastern,20-29,Female,2771,3489,20-29,Female,20-29,Female,2.3863754,False,1.0
Middle_Eastern_000067,Middle_Eastern,20-29,Female,2771,8523,20-29,Female,20-29,Female,1.9504218,False,1.0
Middle_Eastern_000068,Middle_Eastern,20-29,Female,5167,3489,20-29,Female,20-29,Female,2.1139607,False,1.0
Middle_Eastern_000069,Middle_Eastern,20-29,Female,5167,8523,20-29,Female,20-29,Female,1.8385493,False,1.0
Middle_Eastern_000070,Middle_Eastern,20-29,Female,3489,8523,20-29,Female,20-29,Female,2.1253386,False,1.0
Middle_Eastern_000071,Middle_Eastern,30-39,Male,6682,8372,30-39,Male,30-39,Male,1.6175716,False,1.0
Middle_Eastern_000072,Middle_Eastern,30-39,Male,6682,4980,30-39,Male,30-39,Male,1.2495072,False,1.0
Middle_Eastern_000073,Middle_Eastern,30-39,Male,6682,6805,30-39,Male,30-39,Male,1.8315427,False,1.0
Middle_Eastern_000074,Middle_Eastern,30-39,Male,6682,159,30-39,Male,30-39,Male,1.5000167,False,1.0
Middle_Eastern_000075,Middle_Eastern,30-39,Male,8372,4980,30-39,Male,30-39,Male,1.4133903,False,1.0
Middle_Eastern_000076,Middle_Eastern,30-39,Male,8372,6805,30-39,Male,30-39,Male,2.141379,False,1.0
Middle_Eastern_000077,Middle_Eastern,30-39,Male,8372,159,30-39,Male,30-39,Male,1.1503829,False,1.0
Middle_Eastern_000078,Middle_Eastern,30-39,Male,4980,6805,30-39,Male,30-39,Male,1.7365197,False,1.0
Middle_Eastern_000079,Middle_Eastern,30-39,Male,4980,159,30-39,Male,30-39,Male,0.979977,True,1.0
Middle_Eastern_000080,Middle_Eastern,30-39,Male,6805,159,30-39,Male,30-39,Male,2.043211,False,1.0
Middle_Eastern_000081,Middle_Eastern,30-39,Female,2850,1492,30-39,Female,30-39,Female,1.8184727,False,1.0
Middle_Eastern_000082,Middle_Eastern,30-39,Female,2850,3650,30-39,Female,30-39,Female,1.8331516,False,1.0
Middle_Eastern_000083,Middle_Eastern,30-39,Female,2850,10543,30-39,Female,30-39,Female,1.8089013,False,1.0
Middle_Eastern_000084,Middle_Eastern,30-39,Female,2850,793,30-39,Female,30-39,Female,1.8523322,False,1.0
Middle_Eastern_000085,Middle_Eastern,30-39,Female,1492,3650,30-39,Female,30-39,Female,1.753237,False,1.0
Middle_Eastern_000086,Middle_Eastern,30-39,Female,1492,10543,30-39,Female,30-39,Female,1.8624637,False,1.0
Middle_Eastern_000087,Middle_Eastern,30-39,Female,1492,793,30-39,Female,30-39,Female,1.550025,False,1.0
Middle_Eastern_000088,Middle_Eastern,30-39,Female,3650,10543,30-39,Female,30-39,Female,1.3015646,False,1.0
Middle_Eastern_000089,Middle_Eastern,30-39,Female,3650,793,30-39,Female,30-39,Female,1.8380767,False,1.0
Middle_Eastern_000090,Middle_Eastern,30-39,Female,10543,793,30-39,Female,30-39,Female,2.3297596,False,1.0
Middle_Eastern_000091,Middle_Eastern,40-49,Male,7288,10696,40-49,Male,40-49,Male,1.9796216,False,1.0
Middle_Eastern_000092,Middle_Eastern,40-49,Male,7288,10092,40-49,Male,40-49,Male,1.2614272,False,1.0
Middle_Eastern_000093,Middle_Eastern,40-49,Male,7288,3694,40-49,Male,40-49,Male,1.9394479,False,1.0
Middle_Eastern_000094,Middle_Eastern,40-49,Male,7288,8225,40-49,Male,40-49,Male,1.652497,False,1.0
Middle_Eastern_000095,Middle_Eastern,40-49,Male,10696,10092,40-49,Male,40-49,Male,1.4089167,False,1.0
Middle_Eastern_000096,Middle_Eastern,40-49,Male,10696,3694,40-49,Male,40-49,Male,1.5630013,False,1.0
Middle_Eastern_000097,Middle_Eastern,40-49,Male,10696,8225,40-49,Male,40-49,Male,1.8168951,False,1.0
Middle_Eastern_000098,Middle_Eastern,40-49,Male,10092,3694,40-49,Male,40-49,Male,1.4397413,False,1.0
Middle_Eastern_000099,Middle_Eastern,40-49,Male,10092,8225,40-49,Male,40-49,Male,1.9254785,False,1.0
Middle_Eastern_000100,Middle_Eastern,40-49,Male,3694,8225,40-49,Male,40-49,Male,1.4564273,False,1.0
Middle_Eastern_000101,Middle_Eastern,40-49,Female,790,256,40-49,Female,40-49,Female,1.3637831,False,1.0
Middle_Eastern_000102,Middle_Eastern,40-49,Female,790,2991,40-49,Female,40-49,Female,1.3015466,False,1.0
Middle_Eastern_000103,Middle_Eastern,40-49,Female,790,5316,40-49,Female,40-49,Female,2.0506227,False,1.0
Middle_Eastern_000104,Middle_Eastern,40-49,Female,790,4434,40-49,Female,40-49,Female,1.3386188,False,1.0
Middle_Eastern_000105,Middle_Eastern,40-49,Female,256,2991,40-49,Female,40-49,Female,0.98170054,True,1.0
Middle_Eastern_000106,Middle_Eastern,40-49,Female,256,5316,40-49,Female,40-49,Female,1.7602655,False,1.0
Middle_Eastern_000107,Middle_Eastern,40-49,Female,256,4434,40-49,Female,40-49,Female,1.381787,False,1.0
Middle_Eastern_000108,Middle_Eastern,40-49,Female,2991,5316,40-49,Female,40-49,Female,1.4443705,False,1.0
Middle_Eastern_000109,Middle_Eastern,40-49,Female,2991,4434,40-49,Female,40-49,Female,1.3237078,False,1.0
Middle_Eastern_000110,Middle_Eastern,40-49,Female,5316,4434,40-49,Female,40-49,Female,1.3380663,False,1.0
Middle_Eastern_000111,Middle_Eastern,50-59,Male,3005,3341,50-59,Male,50-59,Male,1.2065768,False,1.0
Middle_Eastern_000112,Middle_Eastern,50-59,Male,3005,1295,50-59,Male,50-59,Male,1.7249184,False,1.0
Middle_Eastern_000113,Middle_Eastern,50-59,Male,3005,5722,50-59,Male,50-59,Male,1.7019855,False,1.0
Middle_Eastern_000114,Middle_Eastern,50-59,Male,3005,9524,50-59,Male,50-59,Male,1.4941006,False,1.0
Middle_Eastern_000115,Middle_Eastern,50-59,Male,3341,1295,50-59,Male,50-59,Male,1.4295245,False,1.0
Middle_Eastern_000116,Middle_Eastern,50-59,Male,3341,5722,50-59,Male,50-59,Male,1.7887781,False,1.0
Middle_Eastern_000117,Middle_Eastern,50-59,Male,3341,9524,50-59,Male,50-59,Male,1.6463432,False,1.0
Middle_Eastern_000118,Middle_Eastern,50-59,Male,1295,5722,50-59,Male,50-59,Male,2.0750387,False,1.0
Middle_Eastern_000119,Middle_Eastern,50-59,Male,1295,9524,50-59,Male,50-59,Male,1.5137324,False,1.0
Middle_Eastern_000120,Middle_Eastern,50-59,Male,5722,9524,50-59,Male,50-59,Male,1.5658908,False,1.0
Middle_Eastern_000121,Middle_Eastern,50-59,Female,6002,8177,50-59,Female,50-59,Female,1.7389641,False,1.0
Middle_Eastern_000122,Middle_Eastern,50-59,Female,6002,1690,50-59,Female,50-59,Female,2.1768525,False,1.0
Middle_Eastern_000123,Middle_Eastern,50-59,Female,6002,3432,50-59,Female,50-59,Female,1.7304391,False,1.0
Middle_Eastern_000124,Middle_Eastern,50-59,Female,6002,2915,50-59,Female,50-59,Female,1.4067464,False,1.0
Middle_Eastern_000125,Middle_Eastern,50-59,Female,8177,1690,50-59,Female,50-59,Female,1.7447257,False,1.0
Middle_Eastern_000126,Middle_Eastern,50-59,Female,8177,3432,50-59,Female,50-59,Female,2.2026799,False,1.0
Middle_Eastern_000127,Middle_Eastern,50-59,Female,8177,2915,50-59,Female,50-59,Female,1.356564,False,1.0
Middle_Eastern_000128,Middle_Eastern,50-59,Female,1690,3432,50-59,Female,50-59,Female,2.3051581,False,1.0
Middle_Eastern_000129,Middle_Eastern,50-59,Female,1690,2915,50-59,Female,50-59,Female,2.1955986,False,1.0
Middle_Eastern_000130,Middle_Eastern,50-59,Female,3432,2915,50-59,Female,50-59,Female,1.8796304,False,1.0
Middle_Eastern_000131,Middle_Eastern,60-69,Male,2296,5813,60-69,Male,60-69,Male,1.870383,False,1.0
Middle_Eastern_000132,Middle_Eastern,60-69,Male,2296,192,60-69,Male,60-69,Male,1.6521116,False,1.0
Middle_Eastern_000133,Middle_Eastern,60-69,Male,2296,10879,60-69,Male,60-69,Male,1.2510931,False,1.0
Middle_Eastern_000134,Middle_Eastern,60-69,Male,2296,5018,60-69,Male,60-69,Male,0.9842208,True,1.0
Middle_Eastern_000135,Middle_Eastern,60-69,Male,5813,192,60-69,Male,60-69,Male,1.5498585,False,1.0
Middle_Eastern_000136,Middle_Eastern,60-69,Male,5813,10879,60-69,Male,60-69,Male,1.6009908,False,1.0
Middle_Eastern_000137,Middle_Eastern,60-69,Male,5813,5018,60-69,Male,60-69,Male,1.7927337,False,1.0
Middle_Eastern_000138,Middle_Eastern,60-69,Male,192,10879,60-69,Male,60-69,Male,1.6218562,False,1.0
Middle_Eastern_000139,Middle_Eastern,60-69,Male,192,5018,60-69,Male,60-69,Male,1.2549231,False,1.0
Middle_Eastern_000140,Middle_Eastern,60-69,Male,10879,5018,60-69,Male,60-69,Male,1.4696498,False,1.0
Middle_Eastern_000141,Middle_Eastern,60-69,Female,5158,4081,60-69,Female,60-69,Female,1.7844886,False,1.0
Middle_Eastern_000142,Middle_Eastern,60-69,Female,5158,2335,60-69,Female,60-69,Female,1.4829166,False,1.0
Middle_Eastern_000143,Middle_Eastern,60-69,Female,5158,3415,60-69,Female,60-69,Female,0.99269414,True,1.0
Middle_Eastern_000144,Middle_Eastern,60-69,Female,5158,371,60-69,Female,60-69,Female,1.6561766,False,1.0
Middle_Eastern_000145,Middle_Eastern,60-69,Female,4081,2335,60-69,Female,60-69,Female,1.802292,False,1.0
Middle_Eastern_000146,Middle_Eastern,60-69,Female,4081,3415,60-69,Female,60-69,Female,1.411241,False,1.0
Middle_Eastern_000147,Middle_Eastern,60-69,Female,4081,371,60-69,Female,60-69,Female,1.3613877,False,1.0
Middle_Eastern_000148,Middle_Eastern,60-69,Female,2335,3415,60-69,Female,60-69,Female,1.618568,False,1.0
Middle_Eastern_000149,Middle_Eastern,60-69,Female,2335,371,60-69,Female,60-69,Female,1.8181686,False,1.0
Middle_Eastern_000150,Middle_Eastern,60-69,Female,3415,371,60-69,Female,60-69,Female,1.3541418,False,1.0
Middle_Eastern_000151,Middle_Eastern,70+,Male,666,6708,70+,Male,70+,Male,1.8681171,False,1.0
Middle_Eastern_000152,Middle_Eastern,70+,Male,666,70,70+,Male,70+,Male,1.2280055,False,1.0
Middle_Eastern_000153,Middle_Eastern,70+,Male,666,8402,70+,Male,70+,Male,1.8400557,False,1.0
Middle_Eastern_000154,Middle_Eastern,70+,Male,666,2360,70+,Male,70+,Male,1.4810961,False,1.0
Middle_Eastern_000155,Middle_Eastern,70+,Male,6708,70,70+,Male,70+,Male,1.2963011,False,1.0
Middle_Eastern_000156,Middle_Eastern,70+,Male,6708,8402,70+,Male,70+,Male,2.1708226,False,1.0
Middle_Eastern_000157,Middle_Eastern,70+,Male,6708,2360,70+,Male,70+,Male,1.356145,False,1.0
Middle_Eastern_000158,Middle_Eastern,70+,Male,70,8402,70+,Male,70+,Male,1.6501656,False,1.0
Middle_Eastern_000159,Middle_Eastern,70+,Male,70,2360,70+,Male,70+,Male,0.94759583,True,1.0
Middle_Eastern_000160,Middle_Eastern,70+,Male,8402,2360,70+,Male,70+,Male,1.8969297,False,1.0
Middle_Eastern_000161,Middle_Eastern,70+,Female,5300,4048,70+,Female,70+,Female,1.1578581,False,1.0
Middle_Eastern_000162,Middle_Eastern,70+,Female,5300,10788,70+,Female,70+,Female,1.1284411,False,1.0
Middle_Eastern_000163,Middle_Eastern,70+,Female,5300,4124,70+,Female,70+,Female,1.0014384,False,1.0
Middle_Eastern_000164,Middle_Eastern,70+,Female,5300,6043,70+,Female,70+,Female,1.3039331,False,1.0
Middle_Eastern_000165,Middle_Eastern,70+,Female,4048,10788,70+,Female,70+,Female,1.3758255,False,1.0
Middle_Eastern_000166,Middle_Eastern,70+,Female,4048,4124,70+,Female,70+,Female,1.6915812,False,1.0
Middle_Eastern_000167,Middle_Eastern,70+,Female,4048,6043,70+,Female,70+,Female,1.3274506,False,1.0
Middle_Eastern_000168,Middle_Eastern,70+,Female,10788,4124,70+,Female,70+,Female,0.9795011,True,1.0
Middle_Eastern_000169,Middle_Eastern,70+,Female,10788,6043,70+,Female,70+,Female,1.6815319,False,1.0
Middle_Eastern_000170,Middle_Eastern,70+,Female,4124,6043,70+,Female,70+,Female,1.733947,False,1.0
Latino_Hispanic_000000,Latino_Hispanic,0-2,Male,6786,10358,0-2,Male,0-2,Male,0.65893835,True,1.0
Latino_Hispanic_000001,Latino_Hispanic,0-2,Male,6786,1035,0-2,Male,0-2,Male,0.7506043,True,1.0
Latino_Hispanic_000002,Latino_Hispanic,0-2,Male,6786,8315,0-2,Male,0-2,Male,0.88402116,True,1.0
Latino_Hispanic_000003,Latino_Hispanic,0-2,Male,6786,4258,0-2,Male,0-2,Male,0.63987166,True,1.0
Latino_Hispanic_000004,Latino_Hispanic,0-2,Male,10358,1035,0-2,Male,0-2,Male,0.8041867,True,1.0
Latino_Hispanic_000005,Latino_Hispanic,0-2,Male,10358,8315,0-2,Male,0-2,Male,1.0395576,False,1.0
Latino_Hispanic_000006,Latino_Hispanic,0-2,Male,10358,4258,0-2,Male,0-2,Male,0.21075961,True,1.0
Latino_Hispanic_000007,Latino_Hispanic,0-2,Male,1035,8315,0-2,Male,0-2,Male,1.265447,False,1.0
Latino_Hispanic_000008,Latino_Hispanic,0-2,Male,1035,4258,0-2,Male,0-2,Male,0.7450861,True,1.0
Latino_Hispanic_000009,Latino_Hispanic,0-2,Male,8315,4258,0-2,Male,0-2,Male,1.1827061,False,1.0
Latino_Hispanic_000010,Latino_Hispanic,0-2,Female,9658,6807,0-2,Female,0-2,Female,0.98878574,True,1.0
Latino_Hispanic_000011,Latino_Hispanic,0-2,Female,9658,2763,0-2,Female,0-2,Female,1.6944203,False,1.0
Latino_Hispanic_000012,Latino_Hispanic,0-2,Female,9658,2378,0-2,Female,0-2,Female,1.0131807,False,1.0
Latino_Hispanic_000013,Latino_Hispanic,0-2,Female,9658,10891,0-2,Female,0-2,Female,1.3721557,False,1.0
Latino_Hispanic_000014,Latino_Hispanic,0-2,Female,6807,2763,0-2,Female,0-2,Female,2.0177624,False,1.0
Latino_Hispanic_000015,Latino_Hispanic,0-2,Female,6807,2378,0-2,Female,0-2,Female,0.622825,True,1.0
Latino_Hispanic_000016,Latino_Hispanic,0-2,Female,6807,10891,0-2,Female,0-2,Female,1.7101517,False,1.0
Latino_Hispanic_000017,Latino_Hispanic,0-2,Female,2763,2378,0-2,Female,0-2,Female,1.8453848,False,1.0
Latino_Hispanic_000018,Latino_Hispanic,0-2,Female,2763,10891,0-2,Female,0-2,Female,2.2133427,False,1.0
Latino_Hispanic_000019,Latino_Hispanic,0-2,Female,2378,10891,0-2,Female,0-2,Female,1.450389,False,1.0
Latino_Hispanic_000020,Latino_Hispanic,3-9,Male,6075,9632,3-9,Male,3-9,Male,1.8106977,False,1.0
Latino_Hispanic_000021,Latino_Hispanic,3-9,Male,6075,7537,3-9,Male,3-9,Male,1.8920515,False,1.0
Latino_Hispanic_000022,Latino_Hispanic,3-9,Male,6075,9913,3-9,Male,3-9,Male,1.4204899,False,1.0
Latino_Hispanic_000023,Latino_Hispanic,3-9,Male,6075,5239,3-9,Male,3-9,Male,1.965252,False,1.0
Latino_Hispanic_000024,Latino_Hispanic,3-9,Male,9632,7537,3-9,Male,3-9,Male,1.047427,False,1.0
Latino_Hispanic_000025,Latino_Hispanic,3-9,Male,9632,9913,3-9,Male,3-9,Male,1.1134646,False,1.0
Latino_Hispanic_000026,Latino_Hispanic,3-9,Male,9632,5239,3-9,Male,3-9,Male,0.84541297,True,1.0
Latino_Hispanic_000027,Latino_Hispanic,3-9,Male,7537,9913,3-9,Male,3-9,Male,1.3082172,False,1.0
Latino_Hispanic_000028,Latino_Hispanic,3-9,Male,7537,5239,3-9,Male,3-9,Male,1.1640224,False,1.0
Latino_Hispanic_000029,Latino_Hispanic,3-9,Male,9913,5239,3-9,Male,3-9,Male,1.260785,False,1.0
Latino_Hispanic_000030,Latino_Hispanic,3-9,Female,324,1906,3-9,Female,3-9,Female,1.4380978,False,1.0
Latino_Hispanic_000031,Latino_Hispanic,3-9,Female,324,4259,3-9,Female,3-9,Female,1.335208,False,1.0
Latino_Hispanic_000032,Latino_Hispanic,3-9,Female,324,3108,3-9,Female,3-9,Female,1.4667349,False,1.0
Latino_Hispanic_000033,Latino_Hispanic,3-9,Female,324,8187,3-9,Female,3-9,Female,1.6568933,False,1.0
Latino_Hispanic_000034,Latino_Hispanic,3-9,Female,1906,4259,3-9,Female,3-9,Female,0.9875219,True,1.0
Latino_Hispanic_000035,Latino_Hispanic,3-9,Female,1906,3108,3-9,Female,3-9,Female,0.99400735,True,1.0
Latino_Hispanic_000036,Latino_Hispanic,3-9,Female,1906,8187,3-9,Female,3-9,Female,1.233118,False,1.0
Latino_Hispanic_000037,Latino_Hispanic,3-9,Female,4259,3108,3-9,Female,3-9,Female,1.2887259,False,1.0
Latino_Hispanic_000038,Latino_Hispanic,3-9,Female,4259,8187,3-9,Female,3-9,Female,1.0373743,False,1.0
Latino_Hispanic_000039,Latino_Hispanic,3-9,Female,3108,8187,3-9,Female,3-9,Female,1.4530404,False,1.0
Latino_Hispanic_000040,Latino_Hispanic,10-19,Male,3890,924,10-19,Male,10-19,Male,1.3417962,False,1.0
Latino_Hispanic_000041,Latino_Hispanic,10-19,Male,3890,1647,10-19,Male,10-19,Male,1.471044,False,1.0
Latino_Hispanic_000042,Latino_Hispanic,10-19,Male,3890,8786,10-19,Male,10-19,Male,1.4282556,False,1.0
Latino_Hispanic_000043,Latino_Hispanic,10-19,Male,3890,6392,10-19,Male,10-19,Male,1.7257649,False,1.0
Latino_Hispanic_000044,Latino_Hispanic,10-19,Male,924,1647,10-19,Male,10-19,Male,1.5060889,False,1.0
Latino_Hispanic_000045,Latino_Hispanic,10-19,Male,924,8786,10-19,Male,10-19,Male,1.7945639,False,1.0
Latino_Hispanic_000046,Latino_Hispanic,10-19,Male,924,6392,10-19,Male,10-19,Male,1.2408502,False,1.0
Latino_Hispanic_000047,Latino_Hispanic,10-19,Male,1647,8786,10-19,Male,10-19,Male,2.1331844,False,1.0
Latino_Hispanic_000048,Latino_Hispanic,10-19,Male,1647,6392,10-19,Male,10-19,Male,1.5753843,False,1.0
Latino_Hispanic_000049,Latino_Hispanic,10-19,Male,8786,6392,10-19,Male,10-19,Male,1.1748072,False,1.0
Latino_Hispanic_000050,Latino_Hispanic,10-19,Female,3989,8697,10-19,Female,10-19,Female,1.9008406,False,1.0
Latino_Hispanic_000051,Latino_Hispanic,10-19,Female,3989,9136,10-19,Female,10-19,Female,2.107973,False,1.0
Latino_Hispanic_000052,Latino_Hispanic,10-19,Female,3989,3746,10-19,Female,10-19,Female,2.0354924,False,1.0
Latino_Hispanic_000053,Latino_Hispanic,10-19,Female,3989,5183,10-19,Female,10-19,Female,1.2985102,False,1.0
Latino_Hispanic_000054,Latino_Hispanic,10-19,Female,8697,9136,10-19,Female,10-19,Female,1.0898242,False,1.0
Latino_Hispanic_000055,Latino_Hispanic,10-19,Female,8697,3746,10-19,Female,10-19,Female,1.40655,False,1.0
Latino_Hispanic_000056,Latino_Hispanic,10-19,Female,8697,5183,10-19,Female,10-19,Female,1.2896936,False,1.0
Latino_Hispanic_000057,Latino_Hispanic,10-19,Female,9136,3746,10-19,Female,10-19,Female,1.7074525,False,1.0
Latino_Hispanic_000058,Latino_Hispanic,10-19,Female,9136,5183,10-19,Female,10-19,Female,1.158742,False,1.0
Latino_Hispanic_000059,Latino_Hispanic,10-19,Female,3746,5183,10-19,Female,10-19,Female,1.6432309,False,1.0
Latino_Hispanic_000060,Latino_Hispanic,20-29,Male,9110,7344,20-29,Male,20-29,Male,1.3271816,False,1.0
Latino_Hispanic_000061,Latino_Hispanic,20-29,Male,9110,2020,20-29,Male,20-29,Male,1.3447154,False,1.0
Latino_Hispanic_000062,Latino_Hispanic,20-29,Male,9110,5845,20-29,Male,20-29,Male,1.5900607,False,1.0
Latino_Hispanic_000063,Latino_Hispanic,20-29,Male,9110,8390,20-29,Male,20-29,Male,2.2123284,False,1.0
Latino_Hispanic_000064,Latino_Hispanic,20-29,Male,7344,2020,20-29,Male,20-29,Male,1.1225576,False,1.0
Latino_Hispanic_000065,Latino_Hispanic,20-29,Male,7344,5845,20-29,Male,20-29,Male,1.4768844,False,1.0
Latino_Hispanic_000066,Latino_Hispanic,20-29,Male,7344,8390,20-29,Male,20-29,Male,1.6954244,False,1.0
Latino_Hispanic_000067,Latino_Hispanic,20-29,Male,2020,5845,20-29,Male,20-29,Male,1.6416429,False,1.0
Latino_Hispanic_000068,Latino_Hispanic,20-29,Male,2020,8390,20-29,Male,20-29,Male,1.9400878,False,1.0
Latino_Hispanic_000069,Latino_Hispanic,20-29,Male,5845,8390,20-29,Male,20-29,Male,1.1726856,False,1.0
Latino_Hispanic_000070,Latino_Hispanic,20-29,Female,1676,2492,20-29,Female,20-29,Female,1.0885198,False,1.0
Latino_Hispanic_000071,Latino_Hispanic,20-29,Female,1676,544,20-29,Female,20-29,Female,2.076172,False,1.0
Latino_Hispanic_000072,Latino_Hispanic,20-29,Female,1676,7302,20-29,Female,20-29,Female,1.2503111,False,1.0
Latino_Hispanic_000073,Latino_Hispanic,20-29,Female,1676,4517,20-29,Female,20-29,Female,1.2062733,False,1.0
Latino_Hispanic_000074,Latino_Hispanic,20-29,Female,2492,544,20-29,Female,20-29,Female,1.6075952,False,1.0
Latino_Hispanic_000075,Latino_Hispanic,20-29,Female,2492,7302,20-29,Female,20-29,Female,1.4026859,False,1.0
Latino_Hispanic_000076,Latino_Hispanic,20-29,Female,2492,4517,20-29,Female,20-29,Female,1.1302943,False,1.0
Latino_Hispanic_000077,Latino_Hispanic,20-29,Female,544,7302,20-29,Female,20-29,Female,1.6463456,False,1.0
Latino_Hispanic_000078,Latino_Hispanic,20-29,Female,544,4517,20-29,Female,20-29,Female,1.2057955,False,1.0
Latino_Hispanic_000079,Latino_Hispanic,20-29,Female,7302,4517,20-29,Female,20-29,Female,1.3026,False,1.0
Latino_Hispanic_000080,Latino_Hispanic,30-39,Male,5,8745,30-39,Male,30-39,Male,1.490978,False,1.0
Latino_Hispanic_000081,Latino_Hispanic,30-39,Male,5,8842,30-39,Male,30-39,Male,1.9118557,False,1.0
Latino_Hispanic_000082,Latino_Hispanic,30-39,Male,5,10890,30-39,Male,30-39,Male,1.2197843,False,1.0
Latino_Hispanic_000083,Latino_Hispanic,30-39,Male,5,3929,30-39,Male,30-39,Male,1.8866756,False,1.0
Latino_Hispanic_000084,Latino_Hispanic,30-39,Male,8745,8842,30-39,Male,30-39,Male,2.2502778,False,1.0
Latino_Hispanic_000085,Latino_Hispanic,30-39,Male,8745,10890,30-39,Male,30-39,Male,1.765115,False,1.0
Latino_Hispanic_000086,Latino_Hispanic,30-39,Male,8745,3929,30-39,Male,30-39,Male,2.4227262,False,1.0
Latino_Hispanic_000087,Latino_Hispanic,30-39,Male,8842,10890,30-39,Male,30-39,Male,1.5894461,False,1.0
Latino_Hispanic_000088,Latino_Hispanic,30-39,Male,8842,3929,30-39,Male,30-39,Male,1.3090891,False,1.0
Latino_Hispanic_000089,Latino_Hispanic,30-39,Male,10890,3929,30-39,Male,30-39,Male,1.8147902,False,1.0
Latino_Hispanic_000090,Latino_Hispanic,30-39,Female,5594,6897,30-39,Female,30-39,Female,1.4456273,False,1.0
Latino_Hispanic_000091,Latino_Hispanic,30-39,Female,5594,1064,30-39,Female,30-39,Female,1.8657756,False,1.0
Latino_Hispanic_000092,Latino_Hispanic,30-39,Female,5594,5078,30-39,Female,30-39,Female,1.9847574,False,1.0
Latino_Hispanic_000093,Latino_Hispanic,30-39,Female,5594,10539,30-39,Female,30-39,Female,1.8470315,False,1.0
Latino_Hispanic_000094,Latino_Hispanic,30-39,Female,6897,1064,30-39,Female,30-39,Female,2.0408216,False,1.0
Latino_Hispanic_000095,Latino_Hispanic,30-39,Female,6897,5078,30-39,Female,30-39,Female,2.017406,False,1.0
Latino_Hispanic_000096,Latino_Hispanic,30-39,Female,6897,10539,30-39,Female,30-39,Female,1.6428533,False,1.0
Latino_Hispanic_000097,Latino_Hispanic,30-39,Female,1064,5078,30-39,Female,30-39,Female,1.8103085,False,1.0
Latino_Hispanic_000098,Latino_Hispanic,30-39,Female,1064,10539,30-39,Female,30-39,Female,1.1298525,False,1.0
Latino_Hispanic_000099,Latino_Hispanic,30-39,Female,5078,10539,30-39,Female,30-39,Female,1.9147754,False,1.0
Latino_Hispanic_000100,Latino_Hispanic,40-49,Male,7080,2186,40-49,Male,40-49,Male,1.6750338,False,1.0
Latino_Hispanic_000101,Latino_Hispanic,40-49,Male,7080,6676,40-49,Male,40-49,Male,1.4882421,False,1.0
Latino_Hispanic_000102,Latino_Hispanic,40-49,Male,7080,10062,40-49,Male,40-49,Male,1.3257557,False,1.0
Latino_Hispanic_000103,Latino_Hispanic,40-49,Male,7080,7047,40-49,Male,40-49,Male,1.5129766,False,1.0
Latino_Hispanic_000104,Latino_Hispanic,40-49,Male,2186,6676,40-49,Male,40-49,Male,1.792982,False,1.0
Latino_Hispanic_000105,Latino_Hispanic,40-49,Male,2186,10062,40-49,Male,40-49,Male,1.4407153,False,1.0
Latino_Hispanic_000106,Latino_Hispanic,40-49,Male,2186,7047,40-49,Male,40-49,Male,1.5797902,False,1.0
Latino_Hispanic_000107,Latino_Hispanic,40-49,Male,6676,10062,40-49,Male,40-49,Male,1.4507403,False,1.0
Latino_Hispanic_000108,Latino_Hispanic,40-49,Male,6676,7047,40-49,Male,40-49,Male,1.5557625,False,1.0
Latino_Hispanic_000109,Latino_Hispanic,40-49,Male,10062,7047,40-49,Male,40-49,Male,1.4839854,False,1.0
Latino_Hispanic_000110,Latino_Hispanic,40-49,Female,8521,4973,40-49,Female,40-49,Female,1.516102,False,1.0
Latino_Hispanic_000111,Latino_Hispanic,40-49,Female,8521,3767,40-49,Female,40-49,Female,1.6828276,False,1.0
Latino_Hispanic_000112,Latino_Hispanic,40-49,Female,8521,4924,40-49,Female,40-49,Female,1.1829174,False,1.0
Latino_Hispanic_000113,Latino_Hispanic,40-49,Female,8521,8768,40-49,Female,40-49,Female,1.2032081,False,1.0
Latino_Hispanic_000114,Latino_Hispanic,40-49,Female,4973,3767,40-49,Female,40-49,Female,1.883132,False,1.0
Latino_Hispanic_000115,Latino_Hispanic,40-49,Female,4973,4924,40-49,Female,40-49,Female,0.900481,True,1.0
Latino_Hispanic_000116,Latino_Hispanic,40-49,Female,4973,8768,40-49,Female,40-49,Female,0.7142625,True,1.0
Latino_Hispanic_000117,Latino_Hispanic,40-49,Female,3767,4924,40-49,Female,40-49,Female,1.4776106,False,1.0
Latino_Hispanic_000118,Latino_Hispanic,40-49,Female,3767,8768,40-49,Female,40-49,Female,1.8685883,False,1.0
Latino_Hispanic_000119,Latino_Hispanic,40-49,Female,4924,8768,40-49,Female,40-49,Female,0.71249396,True,1.0
Latino_Hispanic_000120,Latino_Hispanic,50-59,Male,6570,10445,50-59,Male,50-59,Male,1.7436967,False,1.0
Latino_Hispanic_000121,Latino_Hispanic,50-59,Male,6570,3500,50-59,Male,50-59,Male,2.2797275,False,1.0
Latino_Hispanic_000122,Latino_Hispanic,50-59,Male,6570,4767,50-59,Male,50-59,Male,1.8249218,False,1.0
Latino_Hispanic_000123,Latino_Hispanic,50-59,Male,6570,8208,50-59,Male,50-59,Male,2.1468782,False,1.0
Latino_Hispanic_000124,Latino_Hispanic,50-59,Male,10445,3500,50-59,Male,50-59,Male,1.9649898,False,1.0
Latino_Hispanic_000125,Latino_Hispanic,50-59,Male,10445,4767,50-59,Male,50-59,Male,1.3421853,False,1.0
Latino_Hispanic_000126,Latino_Hispanic,50-59,Male,10445,8208,50-59,Male,50-59,Male,1.5574663,False,1.0
Latino_Hispanic_000127,Latino_Hispanic,50-59,Male,3500,4767,50-59,Male,50-59,Male,1.7076126,False,1.0
Latino_Hispanic_000128,Latino_Hispanic,50-59,Male,3500,8208,50-59,Male,50-59,Male,1.4750648,False,1.0
Latino_Hispanic_000129,Latino_Hispanic,50-59,Male,4767,8208,50-59,Male,50-59,Male,1.255464,False,1.0
Latino_Hispanic_000130,Latino_Hispanic,50-59,Female,9053,5714,50-59,Female,50-59,Female,1.3422239,False,1.0
Latino_Hispanic_000131,Latino_Hispanic,50-59,Female,9053,9540,50-59,Female,50-59,Female,1.0699699,False,1.0
Latino_Hispanic_000132,Latino_Hispanic,50-59,Female,9053,10091,50-59,Female,50-59,Female,1.460794,False,1.0
Latino_Hispanic_000133,Latino_Hispanic,50-59,Female,9053,2393,50-59,Female,50-59,Female,0.9531857,True,1.0
Latino_Hispanic_000134,Latino_Hispanic,50-59,Female,5714,9540,50-59,Female,50-59,Female,1.9412282,False,1.0
Latino_Hispanic_000135,Latino_Hispanic,50-59,Female,5714,10091,50-59,Female,50-59,Female,1.7772396,False,1.0
Latino_Hispanic_000136,Latino_Hispanic,50-59,Female,5714,2393,50-59,Female,50-59,Female,2.017911,False,1.0
Latino_Hispanic_000137,Latino_Hispanic,50-59,Female,9540,10091,50-59,Female,50-59,Female,1.1784599,False,1.0
Latino_Hispanic_000138,Latino_Hispanic,50-59,Female,9540,2393,50-59,Female,50-59,Female,1.717629,False,1.0
Latino_Hispanic_000139,Latino_Hispanic,50-59,Female,10091,2393,50-59,Female,50-59,Female,1.8598626,False,1.0
Latino_Hispanic_000140,Latino_Hispanic,60-69,Male,7950,7731,60-69,Male,60-69,Male,1.7913558,False,1.0
Latino_Hispanic_000141,Latino_Hispanic,60-69,Male,7950,3207,60-69,Male,60-69,Male,1.4436378,False,1.0
Latino_Hispanic_000142,Latino_Hispanic,60-69,Male,7950,5485,60-69,Male,60-69,Male,1.6082444,False,1.0
Latino_Hispanic_000143,Latino_Hispanic,60-69,Male,7950,7485,60-69,Male,60-69,Male,1.5845194,False,1.0
Latino_Hispanic_000144,Latino_Hispanic,60-69,Male,7731,3207,60-69,Male,60-69,Male,1.7453119,False,1.0
Latino_Hispanic_000145,Latino_Hispanic,60-69,Male,7731,5485,60-69,Male,60-69,Male,1.290488,False,1.0
Latino_Hispanic_000146,Latino_Hispanic,60-69,Male,7731,7485,60-69,Male,60-69,Male,1.7272136,False,1.0
Latino_Hispanic_000147,Latino_Hispanic,60-69,Male,3207,5485,60-69,Male,60-69,Male,1.6109132,False,1.0
Latino_Hispanic_000148,Latino_Hispanic,60-69,Male,3207,7485,60-69,Male,60-69,Male,2.2680025,False,1.0
Latino_Hispanic_000149,Latino_Hispanic,60-69,Male,5485,7485,60-69,Male,60-69,Male,1.4956127,False,1.0
Latino_Hispanic_000150,Latino_Hispanic,60-69,Female,1560,5883,60-69,Female,60-69,Female,1.0297136,False,1.0
Latino_Hispanic_000151,Latino_Hispanic,60-69,Female,1560,3786,60-69,Female,60-69,Female,1.2700602,False,1.0
Latino_Hispanic_000152,Latino_Hispanic,60-69,Female,1560,2570,60-69,Female,60-69,Female,1.370352,False,1.0
Latino_Hispanic_000153,Latino_Hispanic,60-69,Female,1560,4221,60-69,Female,60-69,Female,1.3503972,False,1.0
Latino_Hispanic_000154,Latino_Hispanic,60-69,Female,5883,3786,60-69,Female,60-69,Female,1.5459231,False,1.0
Latino_Hispanic_000155,Latino_Hispanic,60-69,Female,5883,2570,60-69,Female,60-69,Female,1.384887,False,1.0
Latino_Hispanic_000156,Latino_Hispanic,60-69,Female,5883,4221,60-69,Female,60-69,Female,1.2109923,False,1.0
Latino_Hispanic_000157,Latino_Hispanic,60-69,Female,3786,2570,60-69,Female,60-69,Female,1.3650436,False,1.0
Latino_Hispanic_000158,Latino_Hispanic,60-69,Female,3786,4221,60-69,Female,60-69,Female,1.5477996,False,1.0
Latino_Hispanic_000159,Latino_Hispanic,60-69,Female,2570,4221,60-69,Female,60-69,Female,1.5781856,False,1.0
Latino_Hispanic_000160,Latino_Hispanic,70+,Female,5909,7405,70+,Female,70+,Female,1.309854,False,1.0
Latino_Hispanic_000161,Latino_Hispanic,70+,Female,5909,10479,70+,Female,70+,Female,1.3075522,False,1.0
Latino_Hispanic_000162,Latino_Hispanic,70+,Female,7405,10479,70+,Female,70+,Female,1.2221705,False,1.0
Southeast_Asian_000000,Southeast_Asian,0-2,Male,10782,6755,0-2,Male,0-2,Male,0.58644265,True,1.0
Southeast_Asian_000001,Southeast_Asian,0-2,Male,10782,8381,0-2,Male,0-2,Male,0.58195853,True,1.0
Southeast_Asian_000002,Southeast_Asian,0-2,Male,10782,9288,0-2,Male,0-2,Male,0.75676256,True,1.0
Southeast_Asian_000003,Southeast_Asian,0-2,Male,10782,5020,0-2,Male,0-2,Male,0.59544337,True,1.0
Southeast_Asian_000004,Southeast_Asian,0-2,Male,6755,8381,0-2,Male,0-2,Male,0.90248275,True,1.0
Southeast_Asian_000005,Southeast_Asian,0-2,Male,6755,9288,0-2,Male,0-2,Male,1.136139,False,1.0
Southeast_Asian_000006,Southeast_Asian,0-2,Male,6755,5020,0-2,Male,0-2,Male,0.99678516,True,1.0
Southeast_Asian_000007,Southeast_Asian,0-2,Male,8381,9288,0-2,Male,0-2,Male,0.74414414,True,1.0
Southeast_Asian_000008,Southeast_Asian,0-2,Male,8381,5020,0-2,Male,0-2,Male,0.77747905,True,1.0
Southeast_Asian_000009,Southeast_Asian,0-2,Male,9288,5020,0-2,Male,0-2,Male,0.87396383,True,1.0
Southeast_Asian_000010,Southeast_Asian,0-2,Female,8212,3808,0-2,Female,0-2,Female,1.0559585,False,1.0
Southeast_Asian_000011,Southeast_Asian,0-2,Female,8212,8022,0-2,Female,0-2,Female,0.69097555,True,1.0
Southeast_Asian_000012,Southeast_Asian,0-2,Female,8212,5971,0-2,Female,0-2,Female,0.8059894,True,1.0
Southeast_Asian_000013,Southeast_Asian,0-2,Female,8212,2447,0-2,Female,0-2,Female,0.9988825,True,1.0
Southeast_Asian_000014,Southeast_Asian,0-2,Female,3808,8022,0-2,Female,0-2,Female,0.97679734,True,1.0
Southeast_Asian_000015,Southeast_Asian,0-2,Female,3808,5971,0-2,Female,0-2,Female,0.81086975,True,1.0
Southeast_Asian_000016,Southeast_Asian,0-2,Female,3808,2447,0-2,Female,0-2,Female,0.96057856,True,1.0
Southeast_Asian_000017,Southeast_Asian,0-2,Female,8022,5971,0-2,Female,0-2,Female,0.8379208,True,1.0
Southeast_Asian_000018,Southeast_Asian,0-2,Female,8022,2447,0-2,Female,0-2,Female,0.89061177,True,1.0
Southeast_Asian_000019,Southeast_Asian,0-2,Female,5971,2447,0-2,Female,0-2,Female,0.86228883,True,1.0
Southeast_Asian_000020,Southeast_Asian,3-9,Male,7694,1106,3-9,Male,3-9,Male,1.3829191,False,1.0
Southeast_Asian_000021,Southeast_Asian,3-9,Male,7694,2969,3-9,Male,3-9,Male,1.2073852,False,1.0
Southeast_Asian_000022,Southeast_Asian,3-9,Male,7694,6034,3-9,Male,3-9,Male,1.2096951,False,1.0
Southeast_Asian_000023,Southeast_Asian,3-9,Male,7694,7545,3-9,Male,3-9,Male,0.9998662,True,1.0
Southeast_Asian_000024,Southeast_Asian,3-9,Male,1106,2969,3-9,Male,3-9,Male,1.17365,False,1.0
Southeast_Asian_000025,Southeast_Asian,3-9,Male,1106,6034,3-9,Male,3-9,Male,0.8333717,True,1.0
Southeast_Asian_000026,Southeast_Asian,3-9,Male,1106,7545,3-9,Male,3-9,Male,1.0025728,False,1.0
Southeast_Asian_000027,Southeast_Asian,3-9,Male,2969,6034,3-9,Male,3-9,Male,0.77081597,True,1.0
Southeast_Asian_000028,Southeast_Asian,3-9,Male,2969,7545,3-9,Male,3-9,Male,0.75178796,True,1.0
Southeast_Asian_000029,Southeast_Asian,3-9,Male,6034,7545,3-9,Male,3-9,Male,1.0423468,False,1.0
Southeast_Asian_000030,Southeast_Asian,3-9,Female,8571,4170,3-9,Female,3-9,Female,1.1588881,False,1.0
Southeast_Asian_000031,Southeast_Asian,3-9,Female,8571,1564,3-9,Female,3-9,Female,1.2591561,False,1.0
Southeast_Asian_000032,Southeast_Asian,3-9,Female,8571,3151,3-9,Female,3-9,Female,1.5817244,False,1.0
Southeast_Asian_000033,Southeast_Asian,3-9,Female,8571,10065,3-9,Female,3-9,Female,1.1415576,False,1.0
Southeast_Asian_000034,Southeast_Asian,3-9,Female,4170,1564,3-9,Female,3-9,Female,1.4693204,False,1.0
Southeast_Asian_000035,Southeast_Asian,3-9,Female,4170,3151,3-9,Female,3-9,Female,0.85912615,True,1.0
Southeast_Asian_000036,Southeast_Asian,3-9,Female,4170,10065,3-9,Female,3-9,Female,0.38324088,True,1.0
Southeast_Asian_000037,Southeast_Asian,3-9,Female,1564,3151,3-9,Female,3-9,Female,1.5400953,False,1.0
Southeast_Asian_000038,Southeast_Asian,3-9,Female,1564,10065,3-9,Female,3-9,Female,1.5306998,False,1.0
Southeast_Asian_000039,Southeast_Asian,3-9,Female,3151,10065,3-9,Female,3-9,Female,1.0823017,False,1.0
Southeast_Asian_000040,Southeast_Asian,10-19,Male,4263,3204,10-19,Male,10-19,Male,1.7765546,False,1.0
Southeast_Asian_000041,Southeast_Asian,10-19,Male,4263,2849,10-19,Male,10-19,Male,0.969409,True,1.0
Southeast_Asian_000042,Southeast_Asian,10-19,Male,4263,2368,10-19,Male,10-19,Male,1.4226904,False,1.0
Southeast_Asian_000043,Southeast_Asian,10-19,Male,4263,494,10-19,Male,10-19,Male,1.31343,False,1.0
Southeast_Asian_000044,Southeast_Asian,10-19,Male,3204,2849,10-19,Male,10-19,Male,1.624545,False,1.0
Southeast_Asian_000045,Southeast_Asian,10-19,Male,3204,2368,10-19,Male,10-19,Male,1.5717311,False,1.0
Southeast_Asian_000046,Southeast_Asian,10-19,Male,3204,494,10-19,Male,10-19,Male,1.1494274,False,1.0
Southeast_Asian_000047,Southeast_Asian,10-19,Male,2849,2368,10-19,Male,10-19,Male,1.3849667,False,1.0
Southeast_Asian_000048,Southeast_Asian,10-19,Male,2849,494,10-19,Male,10-19,Male,0.92963606,True,1.0
Southeast_Asian_000049,Southeast_Asian,10-19,Male,2368,494,10-19,Male,10-19,Male,1.4091823,False,1.0
Southeast_Asian_000050,Southeast_Asian,10-19,Female,802,4705,10-19,Female,10-19,Female,1.2628901,False,1.0
Southeast_Asian_000051,Southeast_Asian,10-19,Female,802,8070,10-19,Female,10-19,Female,0.3079621,True,1.0
Southeast_Asian_000052,Southeast_Asian,10-19,Female,802,10194,10-19,Female,10-19,Female,0.98283803,True,1.0
Southeast_Asian_000053,Southeast_Asian,10-19,Female,802,1900,10-19,Female,10-19,Female,1.3452173,False,1.0
Southeast_Asian_000054,Southeast_Asian,10-19,Female,4705,8070,10-19,Female,10-19,Female,1.1864148,False,1.0
Southeast_Asian_000055,Southeast_Asian,10-19,Female,4705,10194,10-19,Female,10-19,Female,1.424994,False,1.0
Southeast_Asian_000056,Southeast_Asian,10-19,Female,4705,1900,10-19,Female,10-19,Female,1.6702651,False,1.0
Southeast_Asian_000057,Southeast_Asian,10-19,Female,8070,10194,10-19,Female,10-19,Female,1.0723734,False,1.0
Southeast_Asian_000058,Southeast_Asian,10-19,Female,8070,1900,10-19,Female,10-19,Female,1.2928123,False,1.0
Southeast_Asian_000059,Southeast_Asian,10-19,Female,10194,1900,10-19,Female,10-19,Female,0.8856137,True,1.0
Southeast_Asian_000060,Southeast_Asian,20-29,Male,5624,5122,20-29,Male,20-29,Male,1.2948526,False,1.0
Southeast_Asian_000061,Southeast_Asian,20-29,Male,5624,8110,20-29,Male,20-29,Male,1.6098936,False,1.0
Southeast_Asian_000062,Southeast_Asian,20-29,Male,5624,7491,20-29,Male,20-29,Male,1.3561715,False,1.0
Southeast_Asian_000063,Southeast_Asian,20-29,Male,5624,2058,20-29,Male,20-29,Male,1.480655,False,1.0
Southeast_Asian_000064,Southeast_Asian,20-29,Male,5122,8110,20-29,Male,20-29,Male,2.0092711,False,1.0
Southeast_Asian_000065,Southeast_Asian,20-29,Male,5122,7491,20-29,Male,20-29,Male,1.4019656,False,1.0
Southeast_Asian_000066,Southeast_Asian,20-29,Male,5122,2058,20-29,Male,20-29,Male,1.2311573,False,1.0
Southeast_Asian_000067,Southeast_Asian,20-29,Male,8110,7491,20-29,Male,20-29,Male,1.878382,False,1.0
Southeast_Asian_000068,Southeast_Asian,20-29,Male,8110,2058,20-29,Male,20-29,Male,1.8773499,False,1.0
Southeast_Asian_000069,Southeast_Asian,20-29,Male,7491,2058,20-29,Male,20-29,Male,1.4213763,False,1.0
Southeast_Asian_000070,Southeast_Asian,20-29,Female,8168,7976,20-29,Female,20-29,Female,1.6044939,False,1.0
Southeast_Asian_000071,Southeast_Asian,20-29,Female,8168,4459,20-29,Female,20-29,Female,0.585406,True,1.0
Southeast_Asian_000072,Southeast_Asian,20-29,Female,8168,5543,20-29,Female,20-29,Female,0.81066614,True,1.0
Southeast_Asian_000073,Southeast_Asian,20-29,Female,8168,4557,20-29,Female,20-29,Female,1.9769652,False,1.0
Southeast_Asian_000074,Southeast_Asian,20-29,Female,7976,4459,20-29,Female,20-29,Female,1.5531693,False,1.0
Southeast_Asian_000075,Southeast_Asian,20-29,Female,7976,5543,20-29,Female,20-29,Female,1.4667296,False,1.0
Southeast_Asian_000076,Southeast_Asian,20-29,Female,7976,4557,20-29,Female,20-29,Female,2.07962,False,1.0
Southeast_Asian_000077,Southeast_Asian,20-29,Female,4459,5543,20-29,Female,20-29,Female,0.8404225,True,1.0
Southeast_Asian_000078,Southeast_Asian,20-29,Female,4459,4557,20-29,Female,20-29,Female,1.7046356,False,1.0
Southeast_Asian_000079,Southeast_Asian,20-29,Female,5543,4557,20-29,Female,20-29,Female,1.6190417,False,1.0
Southeast_Asian_000080,Southeast_Asian,30-39,Male,4625,2829,30-39,Male,30-39,Male,1.047668,False,1.0
Southeast_Asian_000081,Southeast_Asian,30-39,Male,4625,274,30-39,Male,30-39,Male,0.90982974,True,1.0
Southeast_Asian_000082,Southeast_Asian,30-39,Male,4625,2249,30-39,Male,30-39,Male,1.7256199,False,1.0
Southeast_Asian_000083,Southeast_Asian,30-39,Male,4625,7633,30-39,Male,30-39,Male,1.0817046,False,1.0
Southeast_Asian_000084,Southeast_Asian,30-39,Male,2829,274,30-39,Male,30-39,Male,1.5840877,False,1.0
Southeast_Asian_000085,Southeast_Asian,30-39,Male,2829,2249,30-39,Male,30-39,Male,1.520039,False,1.0
Southeast_Asian_000086,Southeast_Asian,30-39,Male,2829,7633,30-39,Male,30-39,Male,1.3994758,False,1.0
Southeast_Asian_000087,Southeast_Asian,30-39,Male,274,2249,30-39,Male,30-39,Male,1.4049375,False,1.0
Southeast_Asian_000088,Southeast_Asian,30-39,Male,274,7633,30-39,Male,30-39,Male,1.2762347,False,1.0
Southeast_Asian_000089,Southeast_Asian,30-39,Male,2249,7633,30-39,Male,30-39,Male,1.8207408,False,1.0
Southeast_Asian_000090,Southeast_Asian,30-39,Female,2720,1996,30-39,Female,30-39,Female,1.3668594,False,1.0
Southeast_Asian_000091,Southeast_Asian,30-39,Female,2720,10018,30-39,Female,30-39,Female,1.2651094,False,1.0
Southeast_Asian_000092,Southeast_Asian,30-39,Female,2720,9226,30-39,Female,30-39,Female,1.4089838,False,1.0
Southeast_Asian_000093,Southeast_Asian,30-39,Female,2720,6233,30-39,Female,30-39,Female,1.5042078,False,1.0
Southeast_Asian_000094,Southeast_Asian,30-39,Female,1996,10018,30-39,Female,30-39,Female,0.9630996,True,1.0
Southeast_Asian_000095,Southeast_Asian,30-39,Female,1996,9226,30-39,Female,30-39,Female,1.3269024,False,1.0
Southeast_Asian_000096,Southeast_Asian,30-39,Female,1996,6233,30-39,Female,30-39,Female,1.9610813,False,1.0
Southeast_Asian_000097,Southeast_Asian,30-39,Female,10018,9226,30-39,Female,30-39,Female,1.2957567,False,1.0
Southeast_Asian_000098,Southeast_Asian,30-39,Female,10018,6233,30-39,Female,30-39,Female,1.8302877,False,1.0
Southeast_Asian_000099,Southeast_Asian,30-39,Female,9226,6233,30-39,Female,30-39,Female,1.7589216,False,1.0
Southeast_Asian_000100,Southeast_Asian,40-49,Male,9608,1527,40-49,Male,40-49,Male,1.518603,False,1.0
Southeast_Asian_000101,Southeast_Asian,40-49,Male,9608,5235,40-49,Male,40-49,Male,0.9645438,True,1.0
Southeast_Asian_000102,Southeast_Asian,40-49,Male,9608,2727,40-49,Male,40-49,Male,1.5626822,False,1.0
Southeast_Asian_000103,Southeast_Asian,40-49,Male,9608,9515,40-49,Male,40-49,Male,1.3149188,False,1.0
Southeast_Asian_000104,Southeast_Asian,40-49,Male,1527,5235,40-49,Male,40-49,Male,1.9567946,False,1.0
Southeast_Asian_000105,Southeast_Asian,40-49,Male,1527,2727,40-49,Male,40-49,Male,1.3221956,False,1.0
Southeast_Asian_000106,Southeast_Asian,40-49,Male,1527,9515,40-49,Male,40-49,Male,1.1423752,False,1.0
Southeast_Asian_000107,Southeast_Asian,40-49,Male,5235,2727,40-49,Male,40-49,Male,1.5008332,False,1.0
Southeast_Asian_000108,Southeast_Asian,40-49,Male,5235,9515,40-49,Male,40-49,Male,1.0884558,False,1.0
Southeast_Asian_000109,Southeast_Asian,40-49,Male,2727,9515,40-49,Male,40-49,Male,0.95843124,True,1.0
Southeast_Asian_000110,Southeast_Asian,40-49,Female,2380,9458,40-49,Female,40-49,Female,1.7615337,False,1.0
Southeast_Asian_000111,Southeast_Asian,40-49,Female,2380,5442,40-49,Female,40-49,Female,2.086217,False,1.0
Southeast_Asian_000112,Southeast_Asian,40-49,Female,2380,7561,40-49,Female,40-49,Female,1.2714365,False,1.0
Southeast_Asian_000113,Southeast_Asian,40-49,Female,2380,6163,40-49,Female,40-49,Female,1.955714,False,1.0
Southeast_Asian_000114,Southeast_Asian,40-49,Female,9458,5442,40-49,Female,40-49,Female,1.0832903,False,1.0
Southeast_Asian_000115,Southeast_Asian,40-49,Female,9458,7561,40-49,Female,40-49,Female,1.2096164,False,1.0
Southeast_Asian_000116,Southeast_Asian,40-49,Female,9458,6163,40-49,Female,40-49,Female,1.4186145,False,1.0
Southeast_Asian_000117,Southeast_Asian,40-49,Female,5442,7561,40-49,Female,40-49,Female,1.6084697,False,1.0
Southeast_Asian_000118,Southeast_Asian,40-49,Female,5442,6163,40-49,Female,40-49,Female,0.98852277,True,1.0
Southeast_Asian_000119,Southeast_Asian,40-49,Female,7561,6163,40-49,Female,40-49,Female,1.2394495,False,1.0
Southeast_Asian_000120,Southeast_Asian,50-59,Male,9596,10061,50-59,Male,50-59,Male,0.91795313,True,1.0
Southeast_Asian_000121,Southeast_Asian,50-59,Male,9596,4386,50-59,Male,50-59,Male,0.976908,True,1.0
Southeast_Asian_000122,Southeast_Asian,50-59,Male,9596,6753,50-59,Male,50-59,Male,0.87598526,True,1.0
Southeast_Asian_000123,Southeast_Asian,50-59,Male,9596,10140,50-59,Male,50-59,Male,1.1147029,False,1.0
Southeast_Asian_000124,Southeast_Asian,50-59,Male,10061,4386,50-59,Male,50-59,Male,1.2433313,False,1.0
Southeast_Asian_000125,Southeast_Asian,50-59,Male,10061,6753,50-59,Male,50-59,Male,0.88323045,True,1.0
Southeast_Asian_000126,Southeast_Asian,50-59,Male,10061,10140,50-59,Male,50-59,Male,1.7050898,False,1.0
Southeast_Asian_000127,Southeast_Asian,50-59,Male,4386,6753,50-59,Male,50-59,Male,1.0816268,False,1.0
Southeast_Asian_000128,Southeast_Asian,50-59,Male,4386,10140,50-59,Male,50-59,Male,1.702024,False,1.0
Southeast_Asian_000129,Southeast_Asian,50-59,Male,6753,10140,50-59,Male,50-59,Male,1.6080647,False,1.0
Southeast_Asian_000130,Southeast_Asian,50-59,Female,8112,8603,50-59,Female,50-59,Female,1.1772277,False,1.0
Southeast_Asian_000131,Southeast_Asian,50-59,Female,8112,2605,50-59,Female,50-59,Female,1.2249901,False,1.0
Southeast_Asian_000132,Southeast_Asian,50-59,Female,8112,9128,50-59,Female,50-59,Female,1.4711504,False,1.0
Southeast_Asian_000133,Southeast_Asian,50-59,Female,8112,3419,50-59,Female,50-59,Female,1.1592731,False,1.0
Southeast_Asian_000134,Southeast_Asian,50-59,Female,8603,2605,50-59,Female,50-59,Female,0.6367698,True,1.0
Southeast_Asian_000135,Southeast_Asian,50-59,Female,8603,9128,50-59,Female,50-59,Female,0.75601655,True,1.0
Southeast_Asian_000136,Southeast_Asian,50-59,Female,8603,3419,50-59,Female,50-59,Female,1.0323195,False,1.0
Southeast_Asian_000137,Southeast_Asian,50-59,Female,2605,9128,50-59,Female,50-59,Female,0.92046684,True,1.0
Southeast_Asian_000138,Southeast_Asian,50-59,Female,2605,3419,50-59,Female,50-59,Female,1.2370113,False,1.0
Southeast_Asian_000139,Southeast_Asian,50-59,Female,9128,3419,50-59,Female,50-59,Female,1.1351568,False,1.0
Southeast_Asian_000140,Southeast_Asian,60-69,Male,3706,10454,60-69,Male,60-69,Male,1.6266804,False,1.0
Southeast_Asian_000141,Southeast_Asian,60-69,Male,3706,3713,60-69,Male,60-69,Male,0.99979305,True,1.0
Southeast_Asian_000142,Southeast_Asian,60-69,Male,3706,9109,60-69,Male,60-69,Male,0.9328808,True,1.0
Southeast_Asian_000143,Southeast_Asian,60-69,Male,3706,7997,60-69,Male,60-69,Male,1.2780547,False,1.0
Southeast_Asian_000144,Southeast_Asian,60-69,Male,10454,3713,60-69,Male,60-69,Male,1.81176,False,1.0
Southeast_Asian_000145,Southeast_Asian,60-69,Male,10454,9109,60-69,Male,60-69,Male,1.4337903,False,1.0
Southeast_Asian_000146,Southeast_Asian,60-69,Male,10454,7997,60-69,Male,60-69,Male,1.3942845,False,1.0
Southeast_Asian_000147,Southeast_Asian,60-69,Male,3713,9109,60-69,Male,60-69,Male,1.1931205,False,1.0
Southeast_Asian_000148,Southeast_Asian,60-69,Male,3713,7997,60-69,Male,60-69,Male,1.3960006,False,1.0
Southeast_Asian_000149,Southeast_Asian,60-69,Male,9109,7997,60-69,Male,60-69,Male,0.9279679,True,1.0
Southeast_Asian_000150,Southeast_Asian,60-69,Female,4660,3174,60-69,Female,60-69,Female,1.5408971,False,1.0
Southeast_Asian_000151,Southeast_Asian,60-69,Female,4660,9181,60-69,Female,60-69,Female,1.1233332,False,1.0
Southeast_Asian_000152,Southeast_Asian,60-69,Female,4660,1174,60-69,Female,60-69,Female,1.03964,False,1.0
Southeast_Asian_000153,Southeast_Asian,60-69,Female,4660,7133,60-69,Female,60-69,Female,1.2842745,False,1.0
Southeast_Asian_000154,Southeast_Asian,60-69,Female,3174,9181,60-69,Female,60-69,Female,1.228684,False,1.0
Southeast_Asian_000155,Southeast_Asian,60-69,Female,3174,1174,60-69,Female,60-69,Female,1.3048348,False,1.0
Southeast_Asian_000156,Southeast_Asian,60-69,Female,3174,7133,60-69,Female,60-69,Female,1.4849267,False,1.0
Southeast_Asian_000157,Southeast_Asian,60-69,Female,9181,1174,60-69,Female,60-69,Female,0.8631183,True,1.0
Southeast_Asian_000158,Southeast_Asian,60-69,Female,9181,7133,60-69,Female,60-69,Female,1.0023103,False,1.0
Southeast_Asian_000159,Southeast_Asian,60-69,Female,1174,7133,60-69,Female,60-69,Female,0.8857939,True,1.0
Southeast_Asian_000160,Southeast_Asian,70+,Male,4451,2606,70+,Male,70+,Male,0.6700292,True,1.0
Southeast_Asian_000161,Southeast_Asian,70+,Male,4451,6498,70+,Male,70+,Male,1.2856739,False,1.0
Southeast_Asian_000162,Southeast_Asian,70+,Male,4451,5671,70+,Male,70+,Male,1.0424716,False,1.0
Southeast_Asian_000163,Southeast_Asian,70+,Male,4451,4726,70+,Male,70+,Male,1.2155163,False,1.0
Southeast_Asian_000164,Southeast_Asian,70+,Male,2606,6498,70+,Male,70+,Male,1.3728545,False,1.0
Southeast_Asian_000165,Southeast_Asian,70+,Male,2606,5671,70+,Male,70+,Male,1.0835378,False,1.0
Southeast_Asian_000166,Southeast_Asian,70+,Male,2606,4726,70+,Male,70+,Male,1.4611216,False,1.0
Southeast_Asian_000167,Southeast_Asian,70+,Male,6498,5671,70+,Male,70+,Male,1.1569827,False,1.0
Southeast_Asian_000168,Southeast_Asian,70+,Male,6498,4726,70+,Male,70+,Male,1.5368571,False,1.0
Southeast_Asian_000169,Southeast_Asian,70+,Male,5671,4726,70+,Male,70+,Male,1.553056,False,1.0
Southeast_Asian_000170,Southeast_Asian,70+,Female,10277,6818,70+,Female,70+,Female,0.7087836,True,1.0
Southeast_Asian_000171,Southeast_Asian,70+,Female,10277,10191,70+,Female,70+,Female,0.9551265,True,1.0
Southeast_Asian_000172,Southeast_Asian,70+,Female,10277,9557,70+,Female,70+,Female,1.2863832,False,1.0
Southeast_Asian_000173,Southeast_Asian,70+,Female,10277,8172,70+,Female,70+,Female,1.788002,False,1.0
Southeast_Asian_000174,Southeast_Asian,70+,Female,6818,10191,70+,Female,70+,Female,0.8178465,True,1.0
Southeast_Asian_000175,Southeast_Asian,70+,Female,6818,9557,70+,Female,70+,Female,1.1227821,False,1.0
Southeast_Asian_000176,Southeast_Asian,70+,Female,6818,8172,70+,Female,70+,Female,1.2201117,False,1.0
Southeast_Asian_000177,Southeast_Asian,70+,Female,10191,9557,70+,Female,70+,Female,0.8447464,True,1.0
Southeast_Asian_000178,Southeast_Asian,70+,Female,10191,8172,70+,Female,70+,Female,1.6086135,False,1.0
Southeast_Asian_000179,Southeast_Asian,70+,Female,9557,8172,70+,Female,70+,Female,1.4408174,False,1.0
